,Unnamed: 0,sgrna,genome_alignment,gene,n_alignments
1300,1300,AAGGGGGCGTGGCTATGCAG,chr9_128276148_+,SWI5 (375757),1
1542,1542,AATACCCCAATCTTACCCAG,chr7_140126637_+,KDM7A (80853),1
1885,1885,AATGACTGAGTACAAACTGG,chr1_114716144_-,NRAS (4893),1
2618,2618,ACAAGTACCAGCCCAGGCGG,chr22_37978035_-,SOX10 (6663),1
2724,2724,ACACAACTCACCACACACCA,chr17_39415249_+,MED1 (5469),1
3599,3599,ACAGTACCCCGTCCTCACAG,chr9_128276658_+,SWI5 (375757),1
16479,16479,CATCTAGTACTTACTCAAGG,chr7_140139107_+,KDM7A (80853),1
16495,16495,CATCTCCAGAGAAATCCTGA,chr2_101825424_+,MAP4K4 (9448),1
19947,19947,CCGATGGTACCAGTTTCGAG,chrX_8585338_-,ANOS1 (3730),1
29347,29347,GACCTTATAGACTTGTCCAT,chr2_101698524_-,MAP4K4 (9448),1
29474,29474,GACGTACCAGGTGTACAGAG,chr17_37739481_+,HNF1B (6928),1
29556,29556,GACTGAGTACAAACTGGTGG,chr1_114716141_-,NRAS (4893),1
30347,30347,GAGCGATATTTAGCTCCCAA,chr1_103656476_+,AMY1A (276),4
33981,33981,GCACACACAGTACACGGGCG,chr7_140176828_+,KDM7A (80853),1
34495,34495,GCACCTGGCTGACGGCCTCG,chr22_37983563_+,SOX10 (6663),1
34837,34837,GCACTGCTATTTCCTCAACA,chr17_39419884_-,MED1 (5469),1
38561,38561,GCCCCGGCGCGGCTGCTGCG,chrX_8731943_-,ANOS1 (3730),2
40118,40118,GCGGAAGCCGAACGTGGCGG,chrX_154886504_+,F8A1 (8263),3
42916,42916,GCTGCAGGCGCTCAACACCG,chr17_37744586_-,HNF1B (6928),1
44078,44078,GCTGGTACTTGTAGTCCGGG,chr22_37978057_+,SOX10 (6663),1
45175,45175,GCTTGGGGCGGCGAGCATGG,chrX_154886375_+,F8A1 (8263),3
47072,47072,GGAGAACAAGGAACGTTCCG,chr2_101844177_+,MAP4K4 (9448),1
47939,47939,GGAGGCGCTGGCCCTCACCG,chrX_154886645_+,F8A1 (8263),3
48947,48947,GGATTCTTACAGAAAACAAG,chr1_114713962_-,NRAS (4893),1
49002,49002,GGATTTGGAGGGGTTCAGGT,chr1_103656497_+,AMY1A (276),5
50979,50979,GGGGGTTCAATGGCGCAAGA,chr9_128276351_-,SWI5 (375757),1
51259,51259,GGGTTGTGATGAGTTCTGGA,chr17_39443604_-,MED1 (5469),1
52299,52299,GGTGACCCCGGAGCTCAGCA,chr17_37744835_+,HNF1B (6928),1
55581,55581,GTAGTGGGCCTGGATGGCGG,chr22_37977959_+,SOX10 (6663),1
56600,56600,GTCTAGTGAGGACCCTTGGA,chr17_37739628_-,HNF1B (6928),1
57030,57030,GTGATTCTGGCACCAAACCA,chrX_8699729_+,ANOS1 (3730),1
58799,58799,GTTGCTGACTGAGAATGCAG,chr2_101829579_+,MAP4K4 (9448),1
58897,58897,GTTGGGAAGTAGGAGCGCCA,chr9_128276603_-,SWI5 (375757),1
59985,59985,TAGATGTCATTGATGTGGCG,chr7_140127551_-,KDM7A (80853),1
60355,60355,TATAGTTTGGGATCTCCCCG,chrX_8570608_-,ANOS1 (3730),1
60874,60874,TATTGATGGCAAATACACAG,chr1_114713850_+,NRAS (4893),1
62028,62028,TCAGCTTGTTCGATACCAGC,chrX_154886457_-,F8A1 (8263),3
62749,62749,TCATTGACATTGGTGTTGCA,chr1_103658544_+,AMY1A (276),6
65741,65741,TGAACCCCTCCAAATCCCTT,chr1_103656480_-,AMY1A (276),5
66944,66944,TGAGTGATCAGTTCATACAG,chr17_39423404_+,MED1 (5469),1
67478,67478,TGCAGCTGTCTGAAACCAAC,chr19_42929556_-,PSG7 (5676),2
