hgnc_id,symbol,name,locus_group,locus_type,status,location,location_sortable,alias_symbol,alias_name,prev_symbol,prev_name,gene_family,gene_family_id,date_approved_reserved,date_symbol_changed,date_name_changed,date_modified,entrez_id,ensembl_gene_id,vega_id,ucsc_id,ena,refseq_accession,ccds_id,uniprot_ids,pubmed_id,mgd_id,rgd_id,lsdb,cosmic,omim_id,mirbase,homeodb,snornabase,bioparadigms_slc,orphanet,pseudogene.org,horde_id,merops,imgt,iuphar,kznf_gene_catalog,mamit-trnadb,cd,lncrnadb,enzyme_id,intermediate_filament_db,rna_central_ids
HGNC:5,A1BG,alpha-1-B glycoprotein,protein-coding gene,gene with protein product,Approved,19q13.43,19q13.43,,,,,Immunoglobulin like domain containing,594,1989-06-30,,,2015-07-13,1,ENSG00000121410,OTTHUMG00000183507,uc002qsd.5,,NM_130786,CCDS12976,P04217,2591067,MGI:2152878,RGD:69417,,A1BG,138670,,,,,,,,I43.950,,,,,,,,,
HGNC:39,ABCA9,ATP binding cassette subfamily A member 9,protein-coding gene,gene with protein product,Approved,17q24.2,17q24.2,EST640918,,,"ATP-binding cassette, sub-family A (ABC1), member 9",ATP binding cassette subfamily A,805,1999-06-11,,2015-11-13,2016-10-05,10350,ENSG00000154258,OTTHUMG00000140371,uc002jhu.4,AF423307,NM_172386,CCDS11681,Q8IUA7,,MGI:2386796,RGD:1305931,,ABCA9,612507,,,,,,,,,,objectId:764,,,,,,,
HGNC:61,ABCD1,ATP binding cassette subfamily D member 1,protein-coding gene,gene with protein product,Approved,Xq28,Xq28,AMN|ALDP|adrenoleukodystrophy,,ALD,"ATP-binding cassette, sub-family D (ALD), member 1",ATP binding cassette subfamily D,808,1986-01-01,,2015-11-13,2017-03-24,215,ENSG00000101986,OTTHUMG00000024215,uc004fif.2,Z21876,NM_000033,CCDS14728,P33897,8441467|6795626,MGI:1349215,RGD:1562128,X-linked Adrenoleukodystrophy Database|http://www.x-ald.nl|Mental Retardation database|http://grenada.lumc.nl/LOVD2/MR/home.php?select_db=ABCD1|LRG_1017|http://www.lrg-sequence.org/LRG/LRG_1017,ABCD1,300371,,,,,117677,,,,,objectId:788,,,,,,,
HGNC:1097,BRAF,"B-Raf proto-oncogene, serine/threonine kinase",protein-coding gene,gene with protein product,Approved,7q34,07q34,BRAF1,,,v-raf murine sarcoma viral oncogene homolog B,Mitogen-activated protein kinase kinase kinases|RAF family,654|1157,1991-07-16,,2014-06-26,2017-03-24,673,ENSG00000157764,OTTHUMG00000157457,uc003vwc.5,M95712,NM_004333,CCDS5863,P15056,2284096|1565476,MGI:88190,RGD:619908,LRG_299|http://www.lrg-sequence.org/LRG/LRG_299,BRAF,164757,,,,,119066,,,,,objectId:1943,,,,,,,
HGNC:1383,CA9,carbonic anhydrase 9,protein-coding gene,gene with protein product,Approved,9p13.3,09p13.3,MN|CAIX,carbonic dehydratase|RCC-associated protein G250,,carbonic anhydrase IX,Carbonic anhydrases,460,1998-04-29,,2016-03-18,2016-03-18,768,ENSG00000107159,OTTHUMG00000021029,uc003zxo.5,X66839,NM_001216,CCDS6585,Q16790,8661007|9787087,MGI:2447188,RGD:1306426,,CA9,603179,,,,,,,,,,,,,,,,,
HGNC:6983,ME1,malic enzyme 1,protein-coding gene,gene with protein product,Approved,6q14.2,06q14.2,,malate dehydrogenase (oxaloacetate-decarboxylating) (NADP(+))|NADP-dependent malic enzyme,,"malic enzyme 1, NADP(+)-dependent, cytosolic",,,2001-06-22,,2016-04-06,2016-10-05,4199,ENSG00000065833,OTTHUMG00000015111,uc003pjy.4,X77244,NM_002395,CCDS34492,P48163,8187880,MGI:97043,RGD:3074,,ME1,154250,,,,,,,,,,,,,,,1.1.1.40,,
HGNC:6984,ME2,malic enzyme 2,protein-coding gene,gene with protein product,Approved,18q21.2,18q21.2,,"NAD-dependent malic enzyme, mitochondrial|malate dehydrogenase (oxaloacetate-decarboxylating)",,"malic enzyme 2, NAD(+)-dependent, mitochondrial",,,2001-06-22,,2016-04-06,2016-10-05,4200,ENSG00000082212,OTTHUMG00000132694,uc002ley.4,M55905,NM_002396,CCDS11948|CCDS54187,P23368,1993674,MGI:2147351,RGD:1310321,,ME2,154270,,,,,,,,,,,,,,,1.1.1.38,,
HGNC:49809,ME2P1,malic enzyme 2 pseudogene 1,pseudogene,pseudogene,Approved,9p21.1,09p21.1,,,,"malic enzyme 2, NAD(+)-dependent, mitochondrial pseudogene 1",,,2014-03-06,,2016-04-29,2016-04-29,286239,ENSG00000230097,OTTHUMG00000019724,,,NG_016134,,,,,,,,,,,,,,PGOHUM00000235999,,,,,,,,,,,
HGNC:6985,ME3,malic enzyme 3,protein-coding gene,gene with protein product,Approved,11q14.2,11q14.2,,malate dehydrogenase (oxaloacetate-decarboxylating) (NADP(+)),,"malic enzyme 3, NADP(+)-dependent, mitochondrial",,,2000-01-12,,2016-04-29,2016-04-29,10873,ENSG00000151376,OTTHUMG00000167217,uc009yvk.4,X79440,NM_001014811,CCDS8277,Q16798,7818469,MGI:1916679,RGD:1311070,,ME3,604626,,,,,,,,,,,,,,,1.1.1.40,,
HGNC:6986,MEA1,male-enhanced antigen 1,protein-coding gene,gene with protein product,Approved,6p21.1,06p21.1,,,MEA,male-enhanced antigen,,,1995-08-29,2005-06-02,2005-06-02,2016-10-05,4201,ENSG00000124733,OTTHUMG00000014717,uc003otk.4,,NM_001318942,CCDS4879,Q16626,2813404|12444059,MGI:96957,RGD:1597751,,MEA1,143170,,,,,,,,,,,,,,,,,
HGNC:25674,MEAF6,MYST/Esa1 associated factor 6,protein-coding gene,gene with protein product,Approved,1p34.3,01p34.3,NY-SAR-91|FLJ11730|Eaf6|CENP-28,Esa1p-associated factor 6 homolog (S. cerevisiae)|centromere protein 28,C1orf149,chromosome 1 open reading frame 149|MYST/Esa1-associated factor 6,,,2005-07-13,2009-07-13,2016-03-09,2016-10-05,64769,ENSG00000163875,OTTHUMG00000004223,uc001cbe.4,BC016328,NM_022756,CCDS418|CCDS59195|CCDS59196,Q9HAF1,8619474|9110174|12963728|14966270|16387653,MGI:1917338,RGD:1310440,,MEAF6,611001,,,,,,,,,,,,,,,,,
HGNC:42660,MEAF6P1,MYST/Esa1-associated factor 6 pseudogene 1,pseudogene,pseudogene,Approved,2q34,02q34,,,,,,,2011-08-12,,,2011-08-12,100874045,ENSG00000240286,OTTHUMG00000154706,,,NG_032529,,,,,,,,,,,,,,PGOHUM00000241097,,,,,,,,,,,
HGNC:3498,MECOM,MDS1 and EVI1 complex locus,protein-coding gene,gene with protein product,Approved,3q26.2,03q26.2,MDS1-EVI1|PRDM3|KMT8E,PR domain 3,MDS1|EVI1,myelodysplasia syndrome 1|ecotropic viral integration site 1,Zinc fingers C2H2-type|Lysine methyltransferases|PR/SET domain family,28|487|1197,1990-07-10,2009-08-07,2009-08-07,2016-11-03,2122,ENSG00000085276,OTTHUMG00000158596,uc003ffi.3,S82592|AF164154,NM_005241|NM_004991,CCDS3205|CCDS54669|CCDS54670,Q03112|Q13465,2115646|8171026|8643684,MGI:95457,RGD:1310997,,MECOM,165215,,,,,160253,,,,,,,,,,,,
HGNC:6990,MECP2,methyl-CpG binding protein 2,protein-coding gene,gene with protein product,Approved,Xq28,Xq28,,,RTT|MRX16|MRX79,"mental retardation, X-linked 16|mental retardation, X-linked 79|Rett syndrome|methyl CpG binding protein 2 (Rett syndrome)|methyl CpG binding protein 2",X-linked mental retardation|Methyl-CpG binding domain containing,103|1025,1996-09-03,,2015-11-13,2017-03-24,4204,ENSG00000169057,OTTHUMG00000024229,uc004fjv.3,AF158180,NM_004992,CCDS14741|CCDS48193,P51608,1606614|10508514,MGI:99918,RGD:3075,RettBASE|http://mecp2.chw.edu.au/|Mental Retardation database|http://grenada.lumc.nl/LOVD2/MR/home.php?select_db=MECP2|LRG_764|http://www.lrg-sequence.org/LRG/LRG_764,MECP2,300005,,,,,123186,,,,,,,,,,,,
HGNC:19691,MECR,mitochondrial trans-2-enoyl-CoA reductase,protein-coding gene,gene with protein product,Approved,1p35.3,01p35.3,CGI-63|NRBF1|FASN2B|ETR1,nuclear receptor binding factor 1|mitochondrial 2-enoyl thioester reductase,,,,,2005-05-24,,,2017-02-02,51102,ENSG00000116353,OTTHUMG00000059082,uc001brq.3,,NM_016011,CCDS30659|CCDS30660,Q9BV79,9795230|12654921,MGI:1349441,RGD:3208,,MECR,608205,,,,,,,,,,,,,,,1.3.1.38,,
HGNC:17903,MED4,mediator complex subunit 4,protein-coding gene,gene with protein product,Approved,13q14.2,13q14.2,HSPC126|DRIP36|TRAP36,,VDRIP,"vitamin D receptor interacting protein|mediator of RNA polymerase II transcription, subunit 4 homolog (S. cerevisiae)",Mediator complex,1061,2003-05-23,2004-11-09,2007-07-30,2016-10-05,29079,ENSG00000136146,OTTHUMG00000016891,uc001vby.3,AF161475,NM_014166,CCDS9408|CCDS59241,Q9NPJ6,10235266|11042152,MGI:1914631,RGD:1306671,,MED4,605718,,,,,,,,,,,,,,,,,
HGNC:39213,MED4-AS1,MED4 antisense RNA 1,non-coding RNA,"RNA, long non-coding",Approved,13q14.2,13q14.2,,,MED4-AS,MED4 antisense RNA (non-protein coding)|MED4 antisense RNA 1 (non-protein coding),,,2010-11-23,2010-11-25,2012-08-15,2012-10-12,100873965,ENSG00000229111,OTTHUMG00000016893,uc031qlm.2,,NR_046511,,,,,,,,,,,,,,,,,,,,,,,,,URS000075A5E9
HGNC:19970,MED6,mediator complex subunit 6,protein-coding gene,gene with protein product,Approved,14q24.2,14q24.2,NY-REN-28,,,"mediator of RNA polymerase II transcription, subunit 6 homolog (S. cerevisiae)",Mediator complex,1061,2002-12-09,,2007-07-30,2016-10-05,10001,ENSG00000133997,OTTHUMG00000171252,uc001xmf.5,BC004106,NM_005466,CCDS9805|CCDS61483|CCDS61484|CCDS73649,O75586,9234719|9671713,MGI:1917042,RGD:1310296,,MED6,602984,,,,,,,,,,,,,,,,,
HGNC:45164,MED6P1,mediator complex subunit 6 pseudogene 1,pseudogene,pseudogene,Approved,10q23.31,10q23.31,,,,,,,2013-02-28,,,2013-02-28,100128990,ENSG00000227905,OTTHUMG00000018689,,,NG_022151,,,,,,,,,,,,,,PGOHUM00000238574,,,,,,,,,,,
HGNC:2378,MED7,mediator complex subunit 7,protein-coding gene,gene with protein product,Approved,5q33.3,05q33.3,CRSP33,,CRSP9,"cofactor required for Sp1 transcriptional activation, subunit 9, 33kDa",Mediator complex,1061,1999-07-21,2007-07-30,2007-07-30,2014-11-19,9443,ENSG00000155868,OTTHUMG00000130243,uc003lwm.5,AF104251,NM_004270,CCDS4334,O43513,9989412,MGI:1913463,RGD:6494481,,MED7,605045,,,,,,,,,,,,,,,,,
HGNC:19971,MED8,mediator complex subunit 8,protein-coding gene,gene with protein product,Approved,1p34.2,01p34.2,MGC17544|MGC19641|ARC32,,,"mediator of RNA polymerase II transcription, subunit 8 homolog (S. cerevisiae)",Mediator complex,1061,2002-12-09,,2007-07-30,2016-10-05,112950,ENSG00000159479,OTTHUMG00000007421,uc001cjg.6,AF521562|BC010543,NM_052877,CCDS486|CCDS487|CCDS60108,Q96G25,12149480|9671713,MGI:1915269,,,MED8,607956,,,,,,,,,,,,,,,,,
HGNC:25487,MED9,mediator complex subunit 9,protein-coding gene,gene with protein product,Approved,17p11.2,17p11.2,FLJ10193|MED25,,,"mediator of RNA polymerase II transcription, subunit 9 homolog (S. cerevisiae)",Mediator complex,1061,2004-11-09,,2007-07-30,2014-11-19,55090,ENSG00000141026,OTTHUMG00000059293,uc002grh.2,BC000647,NM_018019,CCDS11184,Q9NWA0,11997338,MGI:2183151,RGD:1563669,,MED9,609878,,,,,,,,,,,,,,,,,
HGNC:28760,MED10,mediator complex subunit 10,protein-coding gene,gene with protein product,Approved,5p15.31,05p15.31,TRG20|L6|MGC5309|NUT2,NUT2 homolog (S. cerevisiae),,"mediator of RNA polymerase II transcription, subunit 10 homolog (NUT2, S. cerevisiae)",Mediator complex,1061,2006-04-05,,2007-07-30,2015-08-25,84246,ENSG00000133398,OTTHUMG00000161682,uc003jdo.4,,NM_032286,CCDS34134,Q9BTT4,15657623|15175163,MGI:106331,RGD:1310128,,MED10,612382,,,,,,,,,,,,,,,,,
HGNC:32687,MED11,mediator complex subunit 11,protein-coding gene,gene with protein product,Approved,17p13.2,17p13.2,HSPC296|MGC88387,,,"mediator of RNA polymerase II transcription, subunit 11 homolog (S. cerevisiae)",Mediator complex,1061,2006-04-05,,2007-07-30,2015-08-25,400569,ENSG00000161920,OTTHUMG00000177896,uc002fyp.4,AF161414,NM_001001683,CCDS32533|CCDS76920,Q9P086,15175163|12584197,MGI:1913422,RGD:1563202,,MED11,612383,,,,,,,,,,,,,,,,,
HGNC:11957,MED12,mediator complex subunit 12,protein-coding gene,gene with protein product,Approved,Xq13.1,Xq13.1,CAGH45|HOPA|OPA1|TRAP230|KIAA0192|OKS,,TNRC11|FGS1,"trinucleotide repeat containing 11 (THR-associated protein, 230kDa subunit)|mediator of RNA polymerase II transcription, subunit 12 homolog (S. cerevisiae)|FG syndrome 1",Trinucleotide repeat containing|Mediator complex,775|1061,2000-01-27,2004-11-26,2007-07-30,2016-10-05,9968,ENSG00000184634,OTTHUMG00000021788,uc004dyy.4,U80742,NM_005120,CCDS43970,Q93074,9225980|10198638|17334363|20507344,MGI:1926212,RGD:1585896,Mental Retardation database|http://grenada.lumc.nl/LOVD2/MR/home.php?select_db=MED12,MED12,300188,,,,,138486,,,,,,,,,,,,
HGNC:16050,MED12L,mediator complex subunit 12 like,protein-coding gene,gene with protein product,Approved,3q25.1,03q25.1,KIAA1635|TNRC11L|TRALPUSH|TRALP,,,"mediator of RNA polymerase II transcription, subunit 12 homolog (S. cerevisiae)-like|mediator complex subunit 12-like",Mediator complex,1061,2004-11-24,,2015-11-13,2015-11-13,116931,ENSG00000144893,OTTHUMG00000159844,uc003eyp.4,AB046855|AF388364,NM_053002,CCDS33876,Q86YW9,11524702,MGI:2139916,RGD:1592212,,MED12L,611318,,,,,,,,,,,,,,,,,
HGNC:22474,MED13,mediator complex subunit 13,protein-coding gene,gene with protein product,Approved,17q23.2,17q23.2,KIAA0593|TRAP240,,THRAP1,thyroid hormone receptor associated protein 1,Mediator complex,1061,2004-03-10,2007-07-30,2007-07-30,2016-01-15,9969,ENSG00000108510,OTTHUMG00000179251,uc002izo.3,AB011165,NM_005121,CCDS42366,Q9UHV7,1019863,MGI:3029632,RGD:1304829,,MED13,603808,,,,,,,,,,,,,,,,,
HGNC:22962,MED13L,mediator complex subunit 13 like,protein-coding gene,gene with protein product,Approved,12q24.21,12q24.21,KIAA1025|TRAP240L,,THRAP2,thyroid hormone receptor associated protein 2|mediator complex subunit 13-like,Mediator complex,1061,2004-01-30,2007-07-30,2016-03-10,2016-10-05,23389,ENSG00000123066,OTTHUMG00000169404,uc001tvw.4,AB028948,NM_015335,CCDS9177,Q71F56,,MGI:2670178,RGD:1305884,,MED13L,608771,,,,,159456,,,,,,,,,,,,
HGNC:38733,MED13P1,mediator complex subunit 13 pseudogene 1,pseudogene,pseudogene,Approved,Yq11.221,Yq11.221,,,,,,,2010-07-29,,,2014-11-18,100499481,ENSG00000236131,OTTHUMG00000036619,,,NG_023546,,,,,,,,,,,,,,PGOHUM00000233965,,,,,,,,,,,
HGNC:2370,MED14,mediator complex subunit 14,protein-coding gene,gene with protein product,Approved,Xp11.4,Xp11.4,EXLM1|CRSP150|TRAP170|RGR1|CSRP,,CXorf4|CRSP2,"cofactor required for Sp1 transcriptional activation, subunit 2, 150kDa",Mediator complex,1061,1998-10-02,2007-07-30,2007-07-30,2015-08-25,9282,ENSG00000180182,OTTHUMG00000024107,uc004dex.5,AB006651,NM_004229,CCDS14254,O60244,9989412|9598311,MGI:1349442,RGD:1560170,Mental Retardation database|http://grenada.lumc.nl/LOVD2/MR/home.php?select_db=MED14,MED14,300182,,,,,,,,,,,,,,,,,
HGNC:40162,MED14OS,MED14 opposite strand,protein-coding gene,gene with protein product,Approved,Xp11.4,Xp11.4,,,MED14-AS1,MED14 antisense RNA 1 (non-protein coding)|MED14 antisense RNA 1,,,2011-07-29,2014-02-10,2014-02-10,2017-01-27,100873985,ENSG00000234636,OTTHUMG00000024106,,,NM_001289773,,P0DP75,,,,,,,,,,,,,,,,,,,,,,,
HGNC:2371,MED14P1,mediator complex subunit 14 pseudogene 1,pseudogene,pseudogene,Approved,Yq11.221,Yq11.221,,,CXorf4P|CRSP2P|MED14P,"cofactor required for Sp1 transcriptional activation, subunit 2, pseudogene|mediator complex subunit 14 pseudogene",,,1999-05-17,2010-02-25,2010-02-25,2016-10-05,359791,ENSG00000233774,OTTHUMG00000036467,,,NG_002807,,,,,,,,,,,,,,,,,,,,,,,,,
HGNC:14248,MED15,mediator complex subunit 15,protein-coding gene,gene with protein product,Approved,22q11.21,22q11.21,TIG-1|CAG7A|Arc105,,TNRC7|PCQAP,"trinucleotide repeat containing 7|PC2 (positive cofactor 2, multiprotein complex) glutamine/Q-rich-associated protein",Trinucleotide repeat containing|Mediator complex,775|1061,2001-07-13,2007-07-30,2007-07-30,2016-10-05,51586,ENSG00000099917,OTTHUMG00000150810,uc002zsq.4,AF056191,NM_015889,CCDS13781|CCDS33602|CCDS74824|CCDS77653,Q96RN5,11024300|11414760|15175163,MGI:2137379,RGD:1307560,,MED15,607372,,,,,,,,,,,,,,,,,
HGNC:19271,MED15P1,mediator complex subunit 15 pseudogene 1,pseudogene,pseudogene,Approved,14q11.2,14q11.2,,,PCQAPP|MED15P,PCQAP pseudogene|mediator complex subunit 15 pseudogene,,,2003-01-13,2010-02-25,2010-02-25,2013-06-03,326615,ENSG00000257853,OTTHUMG00000170337,,,NG_002605,,,,,,,,,,,,,,PGOHUM00000250102,,,,,,,,,,,
HGNC:48652,MED15P3,mediator complex subunit 15 pseudogene 3,pseudogene,pseudogene,Approved,2q21.1,02q21.1,,,,,,,2013-06-03,,,2013-06-03,106481657,ENSG00000226831,OTTHUMG00000153598,,,NG_045203,,,,,,,,,,,,,,PGOHUM00000240325,,,,,,,,,,,
HGNC:48653,MED15P4,mediator complex subunit 15 pseudogene 4,pseudogene,pseudogene,Approved,2q21.1,02q21.1,,,,,,,2013-06-03,,,2013-06-03,100127989,ENSG00000224679,OTTHUMG00000153622,,,NG_023317,,,,,,,,,,,,,,PGOHUM00000240331,,,,,,,,,,,
HGNC:48654,MED15P5,mediator complex subunit 15 pseudogene 5,pseudogene,pseudogene,Approved,2q21.1,02q21.1,,,,,,,2013-06-03,,,2013-06-03,391436,ENSG00000236595,OTTHUMG00000153750,,,NG_021585,,,,,,,,,,,,,,PGOHUM00000240917,,,,,,,,,,,
HGNC:48655,MED15P6,mediator complex subunit 15 pseudogene 6,pseudogene,pseudogene,Approved,14q11.2,14q11.2,,,,,,,2013-06-03,,,2013-06-03,100996438,ENSG00000257162,OTTHUMG00000170543,,,,,,,,,,,,,,,,,PGOHUM00000248026,,,,,,,,,,,
HGNC:48656,MED15P7,mediator complex subunit 15 pseudogene 7,pseudogene,pseudogene,Approved,22q11.1,22q11.1,,,,,,,2013-06-03,,,2013-06-03,100996466,ENSG00000234381,OTTHUMG00000140336,,,,,,,,,,,,,,,,,PGOHUM00000250332,,,,,,,,,,,
HGNC:48657,MED15P8,mediator complex subunit 15 pseudogene 8,pseudogene,pseudogene,Approved,2q21.1,02q21.1,,,,,,,2013-06-03,,,2013-06-03,106480229,ENSG00000248796,OTTHUMG00000153535,,,NG_043725,,,,,,,,,,,,,,PGOHUM00000250446,,,,,,,,,,,
HGNC:44130,MED15P9,mediator complex subunit 15 pseudogene 9,pseudogene,pseudogene,Approved,2q21.1,02q21.1,,,CCDC74B-AS1|MED15P2,CCDC74B antisense RNA 1 (non-protein coding)|CCDC74B antisense RNA 1|mediator complex subunit 15 pseudogene 2,,,2012-06-23,2013-08-13,2013-08-13,2015-02-04,285103,ENSG00000223760,OTTHUMG00000153627,,BC036597,NR_033903,,,,,,,,,,,,,,,,,,,,,,,,,
HGNC:17556,MED16,mediator complex subunit 16,protein-coding gene,gene with protein product,Approved,19p13.3,19p13.3,DRIP92|TRAP95,,THRAP5,thyroid hormone receptor associated protein 5,WD repeat domain containing|Mediator complex,362|1061,2004-01-30,2007-07-30,2007-07-30,2014-11-19,10025,ENSG00000175221,OTTHUMG00000181841,uc002lqd.2,AF121228,NM_005481,CCDS12047,Q9Y2X0,10235266|10198638,MGI:2158394,RGD:1308001,,MED16,604062,,,,,,,,,,,,,,,,,
HGNC:2375,MED17,mediator complex subunit 17,protein-coding gene,gene with protein product,Approved,11q21,11q21,CRSP77|TRAP80|DRIP80|SRB4,,CRSP6,"cofactor required for Sp1 transcriptional activation, subunit 6 (77kD)|cofactor required for Sp1 transcriptional activation, subunit 6, 77kDa",Mediator complex,1061,1999-07-21,2007-07-30,2007-07-30,2017-06-12,9440,ENSG00000042429,OTTHUMG00000167497,uc001pem.5,AF104254,NM_004268,CCDS8295,Q9NVC6,9989412|10198638,MGI:2182585,RGD:1311120,,MED17,603810,,,,,407507,,,,,,,,,,,,
HGNC:25944,MED18,mediator complex subunit 18,protein-coding gene,gene with protein product,Approved,1p35.3,01p35.3,FLJ20045|p28b|SRB5,,,"mediator of RNA polymerase II transcription, subunit 18 homolog (S. cerevisiae)",Mediator complex,1061,2004-11-09,,2007-07-30,2017-06-12,54797,ENSG00000130772,OTTHUMG00000003537,uc001bpt.5,BC002694,NM_017638,CCDS322,Q9BUE0,15175163,MGI:1914469,RGD:1592757,,MED18,612384,,,,,,,,,,,,,,,,,
HGNC:29600,MED19,mediator complex subunit 19,protein-coding gene,gene with protein product,Approved,11q12.1,11q12.1,LCMR1,,,"mediator of RNA polymerase II transcription, subunit 19 homolog (S. cerevisiae)",Mediator complex,1061,2004-11-09,,2007-07-30,2014-11-19,219541,ENSG00000156603,OTTHUMG00000167199,uc001nla.2,AY148462,NM_153450,CCDS7966,A0JLT2,9417904,MGI:1914234,RGD:1311926,,MED19,612385,,,,,,,,,,,,,,,,,
HGNC:16840,MED20,mediator complex subunit 20,protein-coding gene,gene with protein product,Approved,6p21.1,06p21.1,DKFZp586D2223|PRO0213|SRB2,,TRFP,Trf (TATA binding protein-related factor)-proximal homolog (Drosophila),Mediator complex,1061,2003-08-26,2007-07-30,2007-07-30,2017-06-12,9477,ENSG00000124641,OTTHUMG00000014689,uc003ork.4,AF097725,NM_004275,CCDS4862|CCDS83085,Q9H944,9933582|15175163,MGI:1929648,RGD:1306415,,MED20,612915,,,,,470650,,,,,,,,,,,,
HGNC:11473,MED21,mediator complex subunit 21,protein-coding gene,gene with protein product,Approved,12p12,12p12,SRB7,,SURB7,"SRB7 (suppressor of RNA polymerase B, yeast) homolog|SRB7 suppressor of RNA polymerase B homolog (yeast)",Mediator complex,1061,1999-03-10,2007-07-30,2007-07-30,2014-11-19,9412,ENSG00000152944,OTTHUMG00000169276,uc001rhp.3,U46837,NM_004264,CCDS8711,Q13503,8598913,MGI:1347064,RGD:1309836,,MED21,603800,,,,,,,,,,,,,,,,,
HGNC:11477,MED22,mediator complex subunit 22,protein-coding gene,gene with protein product,Approved,9q34.2,09q34.2,Med24|SRB6,,SURF5,surfeit 5,Mediator complex,1061,1993-06-23,2007-07-30,2007-07-30,2017-06-12,6837,ENSG00000148297,OTTHUMG00000020869,uc064wue.1,,NM_133640,CCDS6963|CCDS6964,Q15528,8499913|15175163,MGI:98446,RGD:1564893,,MED22,185641,,,,,,,,,,,,,,,,,
HGNC:2372,MED23,mediator complex subunit 23,protein-coding gene,gene with protein product,Approved,6q23.2,06q23.2,CRSP130|DRIP130|Sur2,,CRSP3,"cofactor required for Sp1 transcriptional activation, subunit 3, 130kDa",Mediator complex,1061,1999-07-21,2007-07-30,2007-08-08,2016-10-05,9439,ENSG00000112282,OTTHUMG00000015565,uc003qcs.3,AF104255,NM_001270521,CCDS5146|CCDS5147|CCDS59039,Q9ULK4,9989412,MGI:1917458,RGD:1307671,,MED23,605042,,,,,279764,,,,,,,,,,,,
HGNC:22963,MED24,mediator complex subunit 24,protein-coding gene,gene with protein product,Approved,17q21.1,17q21.1,TRAP100|KIAA0130|DRIP100|CRSP100|MED5,,THRAP4|CRSP4,"thyroid hormone receptor associated protein 4|cofactor required for Sp1 transcriptional activation, subunit 4, 100kDa",Mediator complex,1061,2004-01-30,2007-07-30,2007-07-30,2016-10-05,9862,ENSG00000008838,OTTHUMG00000133329,uc002htt.4,AF055995,NM_014815,CCDS11359|CCDS42315|CCDS82117,O75448,,MGI:1344385,RGD:1564565,,MED24,607000,,,,,,,,,,,,,,,,,
HGNC:28845,MED25,mediator complex subunit 25,protein-coding gene,gene with protein product,Approved,19q13.3,19q13.3,ARC92|ACID1|TCBAP0758|DKFZp434K0512,,,"mediator of RNA polymerase II transcription, subunit 25 homolog (S. cerevisiae)",Mediator complex,1061,2004-11-09,,2007-07-30,2017-03-24,81857,ENSG00000104973,OTTHUMG00000183161,uc002ppw.3,AL136746,NM_030973,CCDS33075,Q71SY5,9110174|11230166,MGI:1922863,RGD:1305137,LRG_368|http://www.lrg-sequence.org/LRG/LRG_368,MED25,610197,,,,,167742,,,,,,,,,,,,
HGNC:2376,MED26,mediator complex subunit 26,protein-coding gene,gene with protein product,Approved,19p13.11,19p13.11,CRSP70,,CRSP7,"cofactor required for Sp1 transcriptional activation, subunit 7, 70kDa",Mediator complex,1061,1999-07-21,2007-07-30,2007-07-30,2014-11-19,9441,ENSG00000105085,OTTHUMG00000182433,uc002nen.2,AF104253,NM_004831,CCDS12347,O95402,9989412,MGI:1917875,RGD:1309524,,MED26,605043,,,,,,,,,,,,,,,,,
HGNC:2377,MED27,mediator complex subunit 27,protein-coding gene,gene with protein product,Approved,9q34.13,09q34.13,TRAP37|CRSP34|MED3,,CRSP8,"cofactor required for Sp1 transcriptional activation, subunit 8, 34kDa",Mediator complex,1061,1999-07-21,2007-07-30,2007-07-30,2015-08-25,9442,ENSG00000160563,OTTHUMG00000020833,uc004cbe.3,AF104252,NM_004269,CCDS6945|CCDS59153|CCDS69689,Q6P2C8,9989412,MGI:1916225,RGD:1564993,,MED27,605044,,,,,,,,,,,,,,,,,
HGNC:24628,MED28,mediator complex subunit 28,protein-coding gene,gene with protein product,Approved,4p15.32,04p15.32,EG1|DKFZP434N185|magicin,,,"mediator of RNA polymerase II transcription, subunit 28 homolog (S. cerevisiae)",Mediator complex,1061,2004-11-09,,2007-07-30,2016-10-05,80306,ENSG00000118579,OTTHUMG00000161980,uc003gpk.2,AF317678,NM_025205,CCDS33963,Q9H204,11779215|15467741,MGI:1914249,RGD:1305875,,MED28,610311,,,,,,,,,,,,,,,,,
HGNC:45078,MED28P1,mediator complex subunit 28 pseudogene 1,pseudogene,pseudogene,Approved,10q22.1,10q22.1,,,,,,,2013-02-07,,,2013-06-06,100420207,ENSG00000214875,OTTHUMG00000018364,,,NG_025514,,,,,,,,,,,,,,PGOHUM00000238829,,,,,,,,,,,
HGNC:45079,MED28P2,mediator complex subunit 28 pseudogene 2,pseudogene,pseudogene,Approved,3q24,03q24,,,,,,,2013-02-07,,,2013-02-07,106480445,ENSG00000240511,OTTHUMG00000159549,,,NG_043416,,,,,,,,,,,,,,PGOHUM00000237810,,,,,,,,,,,
HGNC:45080,MED28P3,mediator complex subunit 28 pseudogene 3,pseudogene,pseudogene,Approved,2q32.1,02q32.1,,,,,,,2013-02-07,,,2013-02-07,100131051,ENSG00000227692,OTTHUMG00000154254,,,NG_021593,,,,,,,,,,,,,,PGOHUM00000241040,,,,,,,,,,,
HGNC:45081,MED28P4,mediator complex subunit 28 pseudogene 4,pseudogene,pseudogene,Approved,Xp11.3,Xp11.3,,,,,,,2013-02-07,,,2013-02-07,100130359,ENSG00000224701,OTTHUMG00000021412,,,NG_022594,,,,,,,,,,,,,,PGOHUM00000241259,,,,,,,,,,,
HGNC:45082,MED28P5,mediator complex subunit 28 pseudogene 5,pseudogene,pseudogene,Approved,11q21,11q21,,,,,,,2013-02-07,,,2013-02-07,106479053,ENSG00000255205,OTTHUMG00000167667,,,NG_044525,,,,,,,,,,,,,,PGOHUM00000242434,,,,,,,,,,,
HGNC:45083,MED28P6,mediator complex subunit 28 pseudogene 6,pseudogene,pseudogene,Approved,15q25.3,15q25.3,,,,,,,2013-02-07,,,2013-02-07,106480808,ENSG00000259183,OTTHUMG00000171833,,,NG_029619,,,,,,,,,,,,,,PGOHUM00000246918,,,,,,,,,,,
HGNC:45084,MED28P7,mediator complex subunit 28 pseudogene 7,pseudogene,pseudogene,Approved,20p11.21,20p11.21,,,,,,,2013-02-07,,,2016-10-05,729327,ENSG00000236542,OTTHUMG00000032128,,,NG_021979,,,,,,,,,,,,,,PGOHUM00000247476,,,,,,,,,,,
HGNC:45085,MED28P8,mediator complex subunit 28 pseudogene 8,pseudogene,pseudogene,Approved,1p31.1,01p31.1,,,,,,,2013-02-07,,,2013-02-07,101060144,ENSG00000242598,OTTHUMG00000009841,,,,,,,,,,,,,,,,,PGOHUM00000251067,,,,,,,,,,,
HGNC:23074,MED29,mediator complex subunit 29,protein-coding gene,gene with protein product,Approved,19q13.2,19q13.2,DKFZp434H247|MED2,,IXL,intersex-like (Drosophila),Mediator complex,1061,2004-07-15,2007-07-30,2007-07-30,2015-08-11,55588,ENSG00000063322,OTTHUMG00000182969,uc002olf.4,AL137304|AY729650,XM_290829,CCDS33021,Q9NX70,15555573,MGI:1914474,RGD:1311009,,MED29,612914,,,,,,,,,,,,,,,,,
HGNC:23032,MED30,mediator complex subunit 30,protein-coding gene,gene with protein product,Approved,8q24.11,08q24.11,TRAP25,,THRAP6,thyroid hormone receptor associated protein 6,Mediator complex,1061,2004-01-30,2007-07-30,2007-07-30,2014-11-19,90390,ENSG00000164758,OTTHUMG00000164920,uc003yoj.4,AY083305,NM_080651,CCDS6323|CCDS64959,Q96HR3,,MGI:1917040,RGD:1309369,,MED30,610237,,,,,,,,,,,,,,,,,
HGNC:24260,MED31,mediator complex subunit 31,protein-coding gene,gene with protein product,Approved,17p13.1,17p13.1,CGI-125|Soh1,,,"mediator of RNA polymerase II transcription, subunit 31 homolog (S. cerevisiae)",Mediator complex,1061,2004-11-24,,2007-07-30,2014-11-19,51003,ENSG00000108590,OTTHUMG00000102051,uc002gdg.5,AF151883,NM_016060,CCDS11078,Q9Y3C7,10810093,MGI:1914529,RGD:1309457,,MED31,,,,,,,,,,,,,,,,,,
HGNC:25926,MEDAG,mesenteric estrogen dependent adipogenesis,protein-coding gene,gene with protein product,Approved,13q12.3,13q12.3,FLJ14834|AWMS3|MEDA-4,mesenteric estrogen-dependent adipose 4|activated in W/Wv mouse stomach 3 homolog,C13orf33,chromosome 13 open reading frame 33|mesenteric estrogen-dependent adipogenesis,,,2006-08-08,2012-09-26,2016-04-05,2016-04-05,84935,ENSG00000102802,OTTHUMG00000016679,uc001uth.5,AB055407,NM_032849,CCDS9338,Q5VYS4,22510272,MGI:1917967,RGD:1307396,,,,,,,,,,,,,,,,,,,,
HGNC:6993,MEF2A,myocyte enhancer factor 2A,protein-coding gene,gene with protein product,Approved,15q26.3,15q26.3,RSRFC4|RSRFC9,,,,Myocyte enhancer factor 2 proteins|MADS box family,649|1086,1995-02-08,,2007-04-24,2016-10-24,4205,ENSG00000068305,OTTHUMG00000171937,uc010bos.4,,NM_001130926,CCDS45362|CCDS45363|CCDS53978|CCDS58401|CCDS81920,Q02078,1516833,MGI:99532,RGD:1359360,,MEF2A,600660,,,,,423048,,,,,,,,,,,,
HGNC:6994,MEF2AP1,myocyte enhancer factor 2A pseudogene 1,pseudogene,pseudogene,Approved,1q25.2,01q25.2,,,MEF2AP,myocyte enhancer factor 2A pseudogene,,,1996-04-12,2010-02-25,2010-02-25,2016-10-05,4206,ENSG00000224620,OTTHUMG00000035267,,U44888,NG_003072,,,,,,,,,,,,,,,,,,,,,,,,,
HGNC:6995,MEF2B,myocyte enhancer factor 2B,protein-coding gene,gene with protein product,Approved,19p13.11,19p13.11,RSRFR2,,,,Myocyte enhancer factor 2 proteins|MADS box family,649|1086,1995-02-08,,2007-04-24,2014-11-19,100271849,ENSG00000213999,OTTHUMG00000161595,uc002nlk.3,X63380,NM_005919,CCDS12394|CCDS46024,Q02080,1516833|8575763,MGI:104526,RGD:1561733,,MEF2B,600661,,,,,,,,,,,,,,,,,
HGNC:49883,MEF2BNBP1,MEF2B neighbor pseudogene 1,pseudogene,pseudogene,Approved,12p12.3,12p12.3,,,,,,,2014-03-18,,,2014-03-18,100128109,ENSG00000256844,OTTHUMG00000168903,,,NG_011617,,,,,,,,,,,,,,PGOHUM00000250989,,,,,,,,,,,
HGNC:6996,MEF2C,myocyte enhancer factor 2C,protein-coding gene,gene with protein product,Approved,5q14.3,05q14.3,,,,,Myocyte enhancer factor 2 proteins|MADS box family,649|1086,1995-02-08,,2007-04-24,2015-08-25,4208,ENSG00000081189,OTTHUMG00000162634,uc003kjl.4,AL833268,NM_002397,CCDS47244|CCDS47245|CCDS54877|CCDS54878|CCDS78030|CCDS78034,Q06413,8455629,MGI:99458,RGD:1563119,,MEF2C,600662,,,,,232232,,,,,,,,,,,,
HGNC:48908,MEF2C-AS1,MEF2C antisense RNA 1,non-coding RNA,"RNA, long non-coding",Approved,5q14.3,05q14.3,,,,,,,2013-07-01,,,2014-01-06,101929423,ENSG00000248309,OTTHUMG00000162630,,CD702404,NR_104031,,,23801869,,,,,,,,,,,,,,,,,,,,,,URS000075BB0E
HGNC:53115,MEF2C-AS2,MEF2C antisense RNA 2,non-coding RNA,"RNA, long non-coding",Approved,5q14.3,05q14.3,CTC-467M3.1,,,,,,2017-02-10,,,2017-02-10,109729137,ENSG00000245864,OTTHUMG00000162629,,,,,,28103885,,,,,,,,,,,,,,,,,,,,,,URS0000102BD3
HGNC:6997,MEF2D,myocyte enhancer factor 2D,protein-coding gene,gene with protein product,Approved,1q22,01q22,,,,,Myocyte enhancer factor 2 proteins|MADS box family,649|1086,1995-02-08,,2007-04-24,2016-10-05,4209,ENSG00000116604,OTTHUMG00000033095,uc001fpc.5,BC054520,NM_005920,CCDS1143|CCDS60304,Q14814,8269842,MGI:99533,RGD:621489,,MEF2D,600663,,,,,,,,,,,,,,,,,
HGNC:6998,MEFV,"MEFV, pyrin innate immunity regulator",protein-coding gene,gene with protein product,Approved,16p13.3,16p13.3,FMF|TRIM20,marenostrin,MEF,Mediterranean fever,Tripartite motif containing|Pyrin domain containing,59|994,1989-10-30,,2016-10-14,2017-03-24,4210,ENSG00000103313,OTTHUMG00000129324,uc002cun.1,AF018080,NM_000243,CCDS10498|CCDS55981,O15553,9288094|27066000,MGI:1859396,RGD:61889,INFEVERS: The repertory of Familial Mediterranean Fever (FMF) and Hereditary Inflammatory Disorders Mutations|http://fmf.igh.cnrs.fr/infevers/|LRG_190|http://www.lrg-sequence.org/LRG/LRG_190,MEFV,608107,,,,,123191,,,,,,,,,,,,
HGNC:14575,MEG3,maternally expressed 3 (non-protein coding),non-coding RNA,"RNA, long non-coding",Approved,14q32.2,14q32.2,GTL2|NCRNA00023|LINC00023|onco-lncRNA-83,non-protein coding RNA 23|long intergenic non-protein coding RNA 23,,maternally expressed 3,Long non-coding RNAs,788,2001-02-08,,2008-08-14,2017-03-24,55384,ENSG00000214548,OTTHUMG00000029052,uc059fga.1,AB032607,NR_002766,,,10759892|23790166,MGI:1202886,,LRG_1098|http://www.lrg-sequence.org/LRG/LRG_1098,,605636,,,,,159158,,,,,,,,,MEG3,,,URS0000759EA9
HGNC:14574,MEG8,"maternally expressed 8, small nucleolar RNA host gene",non-coding RNA,"RNA, long non-coding",Approved,14q32.31,14q32.31,NCRNA00024|Irm|Rian|Bsr|LINC00024|AL132709.8|lnc-MGC,non-protein coding RNA 24|RNA Imprinted and Accumulated in Nucleus|Imprinted RNA near Meg3/Gtl2|long intergenic non-protein coding RNA 24|lncRNA microRNA megacluster host gene,SNHG23|SNHG24,maternally expressed (in Callipyge) 8|small nucleolar RNA host gene 23|small nucleolar RNA host gene 23 (non-protein coding)|small nucleolar RNA host gene 24|small nucleolar RNA host gene 24 (non-protein coding)|maternally expressed 8 (non-protein coding),Long non-coding RNAs,788,2001-02-21,,2017-02-17,2017-06-15,79104,ENSG00000225746,OTTHUMG00000029060,uc059fgr.1,CA396130|AW026953,NR_024149,,,11481034|11337479|12045206|27686049,MGI:1922995,,LRG_1058|http://www.lrg-sequence.org/LRG/LRG_1058,,613648,,,,,,,,,,,,,,Rian,,,URS000033883E
HGNC:43874,MEG9,maternally expressed 9 (non-protein coding),non-coding RNA,"RNA, long non-coding",Approved,14q32.31,14q32.31,LINC00584,long intergenic non-protein coding RNA 584,,,Long non-coding RNAs,788,2012-04-01,,,2014-10-22,100507257,ENSG00000223403,OTTHUMG00000029067,uc001yjz.3,AK094562|AK021527,NR_047664,,,19194500,,,,,,,,,,,,,,,,,,,MEG9,,,URS000075BFF1
HGNC:3232,MEGF6,multiple EGF like domains 6,protein-coding gene,gene with protein product,Approved,1p36.32,01p36.32,,,EGFL3,"EGF-like-domain, multiple 3|multiple EGF-like-domains 6",,,1998-03-25,2006-03-31,2016-01-21,2016-10-05,1953,ENSG00000162591,OTTHUMG00000000611,uc001akl.4,AB011539,NM_001409,CCDS41237,O75095,9693030,MGI:1919351,RGD:621188,,MEGF6,604266,,,,,,,,,,,,,,,,,
HGNC:3233,MEGF8,multiple EGF like domains 8,protein-coding gene,gene with protein product,Approved,19q13.2,19q13.2,SBP1|FLJ22365,HBV pre s2 binding protein 1,EGFL4|C19orf49,"EGF-like-domain, multiple 4|chromosome 19 open reading frame 49|multiple EGF-like-domains 8",,,1998-03-25,2006-03-31,2016-01-21,2016-01-21,1954,ENSG00000105429,OTTHUMG00000150342,uc002otl.4,AB011541,NM_001410,CCDS12604|CCDS62693,Q7Z7M0,9693030,MGI:2446294,RGD:621190,,MEGF8,604267,,,,,318839,,,,,,,,,,,,
HGNC:3234,MEGF9,multiple EGF like domains 9,protein-coding gene,gene with protein product,Approved,9q33.2,09q33.2,,,EGFL5,"EGF-like-domain, multiple 5|multiple EGF-like-domains 9",,,1998-03-25,2006-03-31,2016-01-21,2016-10-05,1955,ENSG00000106780,OTTHUMG00000021039,uc022bms.2,AB011542,NM_001080497,CCDS48010,Q9H1U4,9693030,MGI:1918264,RGD:1308330,,MEGF9,604268,,,,,,,,,,,,,,,,,
HGNC:29634,MEGF10,multiple EGF like domains 10,protein-coding gene,gene with protein product,Approved,5q23.2,05q23.2,KIAA1780,,,multiple EGF-like-domains 10,Scavenger receptors,1253,2006-03-31,,2016-01-21,2016-10-05,84466,ENSG00000145794,OTTHUMG00000128984,uc003kui.5,AK021631,NM_032446,CCDS4142|CCDS78055,Q96KG7,11347906,MGI:2685177,RGD:735084,,MEGF10,612453,,,,,292098,,,,,,,,,,,,
HGNC:29635,MEGF11,multiple EGF like domains 11,protein-coding gene,gene with protein product,Approved,15q22.31,15q22.31,KIAA1781|DKFZp434L121,,,multiple EGF-like-domains 11,,,2006-03-31,,2016-01-21,2016-01-21,84465,ENSG00000157890,OTTHUMG00000133175,uc002apn.2,AB058677,NM_032445,CCDS10213,A6BM72,11347906,MGI:1920951,RGD:1582797,,MEGF11,612454,,,,,,,,,,,,,,,,,
HGNC:6999,MEHMO,"mental retardation, epileptic seizures, hypogonadism and -genitalism, microcephaly and obesity syndrome",phenotype,phenotype only,Approved,Xp22.13-p21.1,Xp22.13-p21.1,,,,,,,1998-10-23,,,1998-10-23,8422,,,,,,,,9781023,,,,,300148,,,,,,,,,,,,,,,,,
HGNC:28613,MEI1,meiotic double-stranded break formation protein 1,protein-coding gene,gene with protein product,Approved,22q13.2,22q13.2,MGC40042|SPATA38,spermatogenesis associated 38,,meiosis inhibitor 1,,,2007-10-04,,2015-06-26,2015-06-26,150365,ENSG00000167077,OTTHUMG00000030083,uc003baz.2,AK092934,NM_152513,CCDS46718,Q5TIA1,16683055|24710101,MGI:3028590,RGD:1307210,,MEI1,608797,,,,,,,,,,,,,,,,,
HGNC:43638,MEI4,meiotic double-stranded break formation protein 4,protein-coding gene,gene with protein product,Approved,6q14.1,06q14.1,,,,meiosis-specific 4 homolog (S. cerevisiae),,,2012-08-26,,2015-06-26,2015-06-26,101928601,ENSG00000269964,OTTHUMG00000153472,uc032xbm.2,,NM_001282136,CCDS64463,A8MW99,20551173|24710101,MGI:1922283,RGD:1583682,,,,,,,,,,,,,,,,,,,,
HGNC:23429,MEIG1,meiosis/spermiogenesis associated 1,protein-coding gene,gene with protein product,Approved,10p13,10p13,bA2K17.3|SPATA39,spermatogenesis associated 39,,meiosis expressed gene 1 homolog (mouse),,,2004-05-28,,2013-08-05,2014-11-18,644890,ENSG00000197889,OTTHUMG00000017717,uc009xjk.1,,XM_927975,CCDS31151,Q5JSS6,23258628,MGI:1202878,RGD:1583655,,MEIG1,614174,,,,,,,,,,,,,,,,,
HGNC:51253,MEIKIN,meiotic kinetochore factor,protein-coding gene,gene with protein product,Approved,5q31.1,05q31.1,,,,,,,2015-01-15,,,2015-01-15,728637,ENSG00000239642,OTTHUMG00000059633,,,NM_001303622,CCDS75292,A0A087WXM9,25533956,MGI:1922097,RGD:1566120,,,616232,,,,,,,,,,,,,,,,,
HGNC:28569,MEIOB,meiosis specific with OB domains,protein-coding gene,gene with protein product,Approved,16p13.3,16p13.3,MGC35212,,C16orf73,chromosome 16 open reading frame 73,,,2006-06-14,2012-08-13,2012-08-13,2016-07-15,254528,ENSG00000162039,OTTHUMG00000128683,uc002cne.3,BC029829,NM_152764,CCDS10449|CCDS53983,Q8N635,12477932,MGI:1922428,RGD:1583204,,,,,,,,,,,,,,,,,,3.1.-.-,,
HGNC:26670,MEIOC,meiosis specific with coiled-coil domain,protein-coding gene,gene with protein product,Approved,17q21.31,17q21.31,FLJ35848,,C17orf104,chromosome 17 open reading frame 104,,,2009-09-08,2015-10-23,2015-10-23,2016-04-25,284071,ENSG00000180336,OTTHUMG00000153039,uc002iha.4,,NM_001145080,CCDS45703,A2RUB1,26742488,MGI:2686410,RGD:1563746,,,616934,,,,,,,,,,,,,,,,,
HGNC:7000,MEIS1,Meis homeobox 1,protein-coding gene,gene with protein product,Approved,2p14,02p14,,,,"Meis1 (mouse) homolog|Meis1, myeloid ecotropic viral integration site 1 homolog (mouse)",TALE class homeoboxes and pseudogenes,526,1996-12-17,,2007-02-15,2015-09-03,4211,ENSG00000143995,OTTHUMG00000150714,uc002sdu.4,,NM_002398,CCDS46309,O00470,7565694,MGI:104717,RGD:1585482,,MEIS1,601739,,8462,,,470652,,,,,,,,,,,,
HGNC:40370,MEIS1-AS2,MEIS1 antisense RNA 2,non-coding RNA,"RNA, long non-coding",Approved,2p14,02p14,,,MEIS1-AS1,MEIS1 antisense RNA 2 (non-protein coding)|MEIS1 antisense RNA 1|MEIS1 antisense RNA 1 (non-protein coding),,,2012-01-23,,2012-08-15,2014-11-19,100873998,ENSG00000230749,OTTHUMG00000152831,uc061jwi.1,,NR_046625,,,,,,,,,,,,,,,,,,,,,,,,,URS000081216E
HGNC:40369,MEIS1-AS3,MEIS1 antisense RNA 3,non-coding RNA,"RNA, long non-coding",Approved,2p14,02p14,,,,MEIS1 antisense RNA 3 (non-protein coding),,,2012-01-23,,2012-08-15,2014-11-19,730198,ENSG00000226819,OTTHUMG00000152832,uc031rof.2,DA226783|DA702499,NR_046438,,,,,,,,,,,,,,,,,,,,,,,,,URS000075A690
HGNC:7001,MEIS2,Meis homeobox 2,protein-coding gene,gene with protein product,Approved,15q14,15q14,MRG1|HsT18361,,,"Meis (mouse) homolog 2|Meis1, myeloid ecotropic viral integration site 1 homolog 2 (mouse)",TALE class homeoboxes and pseudogenes,526,1998-02-09,,2007-02-15,2014-11-19,4212,ENSG00000134138,OTTHUMG00000129781,uc001zjo.5,AF017418,NM_170677,CCDS10044|CCDS10045|CCDS42014|CCDS45217|CCDS45218|CCDS45219|CCDS45220,O14770,9383298,MGI:108564,RGD:1305198,,MEIS2,601740,,8463,,,406645,,,,,,,,,,,,
HGNC:29537,MEIS3,Meis homeobox 3,protein-coding gene,gene with protein product,Approved,19q13.32,19q13.32,MRG2|DKFZp547H236,,,"Meis1, myeloid ecotropic viral integration site 1 homolog 3 (mouse)",TALE class homeoboxes and pseudogenes,526,2004-02-10,,2007-02-15,2014-11-18,56917,ENSG00000105419,OTTHUMG00000172280,uc002pgt.5,BC025404,XM_085929,CCDS33064|CCDS46132|CCDS74406,Q99687,8950991,MGI:108519,RGD:1308532,,MEIS3,,,8380,,,,,,,,,,,,,,,
HGNC:7002,MEIS3P1,Meis homeobox 3 pseudogene 1,pseudogene,pseudogene,Approved,17p12,17p12,MRG2,,MEIS3|MEIS4,"Meis1, myeloid ecotropic viral integration site 1 homolog 3 (mouse)|Meis1, myeloid ecotropic viral integration site 1 homolog 4 (mouse)|Meis1 homolog 3 (mouse) pseudogene 1",TALE class homeoboxes and pseudogenes,526,1998-02-09,2005-12-23,2007-02-15,2011-06-20,4213,ENSG00000179277,OTTHUMG00000059145,,U68385,NR_002211,,A6NDR6,9049632,,,,,,,8411,,,,,,,,,,,,,,,
HGNC:17638,MEIS3P2,Meis homeobox 3 pseudogene 2,pseudogene,pseudogene,Approved,17p11.2,17p11.2,,,,Meis1 homolog 3 (mouse) pseudogene 2,TALE class homeoboxes and pseudogenes,526,2005-12-23,,2007-02-15,2011-06-20,257468,,OTTHUMG00000059559,,,NG_002418,,A8K0S8,,,,,,,,8381,,,,,,,,,,,,,,,
HGNC:7008,MELAS,"mitochondrial encephalomyopathy, lactic acidosis, and stroke-like episodes",phenotype,phenotype only,Approved,mitochondria,mitochondria,,,,,,,1991-11-14,,,2014-01-31,,,,,,,,,,,,,,,,,,,,,,,,,,,,,,,
HGNC:16870,MELK,maternal embryonic leucine zipper kinase,protein-coding gene,gene with protein product,Approved,9p13.2,09p13.2,KIAA0175,,,,,,2003-02-04,,,2016-10-05,9833,ENSG00000165304,OTTHUMG00000019906,uc003zzn.5,D79997,NM_014791,CCDS6606|CCDS59123|CCDS59124|CCDS59125|CCDS59126|CCDS59127|CCDS59128,Q14680,8724849|9136115,MGI:106924,RGD:1308974,,MELK,607025,,,,,,,,,,objectId:2102,,,,,,,
HGNC:7009,MELL1,entry withdrawn,withdrawn,withdrawn,Entry Withdrawn,,,,,,,,,,,,2006-01-12,,,,,,,,,,,,,,,,,,,,,,,,,,,,,,,
HGNC:7037,MELTF,melanotransferrin,protein-coding gene,gene with protein product,Approved,3q29,03q29,CD228|FLJ38863|MAP97|MGC4856|MTF1|MTf,melanotransferrin|membrane-bound transferrin-like protein,MFI2,antigen p97 (melanoma associated) identified by monoclonal antibodies 133.2 and 96.5,CD molecules|Transferrins,471|908,2001-06-22,2016-02-04,2016-02-04,2016-10-05,4241,ENSG00000163975,OTTHUMG00000155518,uc003fxk.5,,NM_005929,CCDS3325|CCDS3326,P08582,,MGI:1353421,RGD:1308155,,,155750,,,,,,,,,,,,,CD228,,,,
HGNC:40373,MELTF-AS1,MELTF antisense RNA 1,non-coding RNA,"RNA, long non-coding",Approved,3q29,03q29,,,MFI2-AS1,MFI2 antisense RNA 1 (non-protein coding),,,2011-07-28,2016-10-03,2016-10-03,2016-10-03,100507057,ENSG00000228109,OTTHUMG00000155519,uc062sdg.1,,NR_038285,,,27513470,,,,,,,,,,,,,,,,,,,,,,URS000009863C
HGNC:14014,MEMO1,mediator of cell motility 1,protein-coding gene,gene with protein product,Approved,2p22.3,02p22.3,CGI-27|MEMO,,C2orf4,chromosome 2 open reading frame 4,,,2000-11-28,2007-02-12,2007-02-12,2016-10-05,51072,ENSG00000162959,OTTHUMG00000128453,uc002rnx.4,AF132961,NM_015955,CCDS1776|CCDS46255,Q9Y316,15156151,MGI:1924140,RGD:1309929,,MEMO1,611786,,,,,,,,,,,,,,,,,
HGNC:23274,MEMO1P1,mediator of cell motility 1 pseudogene 1,pseudogene,pseudogene,Approved,21q22.12,21q22.12,,,MEMO1P|C21orf19,mediator of cell motility 1 pseudogene|chromosome 21 open reading frame 19,,,2007-02-12,2010-02-25,2010-02-25,2014-11-19,728556,ENSG00000226054,OTTHUMG00000086608,,DQ120661,NG_005842,,,,,,,,,,,,,,,,,,,,,,,,,
HGNC:38502,MEMO1P2,mediator of cell motility 1 pseudogene 2,pseudogene,pseudogene,Approved,6q23.3,06q23.3,,,,,,,2010-05-24,,,2014-11-19,645175,,,,,XR_017268,,,,,,,,,,,,,,PGOHUM00000243785,,,,,,,,,,,
HGNC:38503,MEMO1P3,mediator of cell motility 1 pseudogene 3,pseudogene,pseudogene,Approved,3q26.1,03q26.1,,,,,,,2010-05-24,,,2016-10-05,100462782,ENSG00000239238,OTTHUMG00000158501,,,NG_022281,,,,,,,,,,,,,,PGOHUM00000238258,,,,,,,,,,,
HGNC:38504,MEMO1P4,mediator of cell motility 1 pseudogene 4,pseudogene,pseudogene,Approved,Xq25,Xq25,,,,,,,2010-05-24,,,2014-11-19,100462785,ENSG00000230376,OTTHUMG00000022332,,,NG_022698,,,,,,,,,,,,,,PGOHUM00000241992,,,,,,,,,,,
HGNC:49102,MEMO1P5,mediator of cell motility 1 pseudogene 5,pseudogene,pseudogene,Approved,13q32.1,13q32.1,,,,,,,2013-09-02,,,2013-09-02,106481668,ENSG00000271492,OTTHUMG00000184874,,,NG_042937,,,,,,,,,,,,,,PGOHUM00000248664,,,,,,,,,,,
HGNC:7010,MEN1,menin 1,protein-coding gene,gene with protein product,Approved,11q13,11q13,,menin,,multiple endocrine neoplasia I,,,2001-06-22,,2015-11-27,2017-03-24,4221,ENSG00000133895,OTTHUMG00000045366,uc001obq.4,U93236,NM_000244,CCDS8083|CCDS31600,O00255,,MGI:1316736,RGD:3078,UMD Locus Specific Databases|http://www.umd.be/|LRG_509|http://www.lrg-sequence.org/LRG/LRG_509,MEN1,613733,,,,,123196,,,,,,,,,,,,
HGNC:7013,MEOX1,mesenchyme homeobox 1,protein-coding gene,gene with protein product,Approved,17q21.31,17q21.31,MOX1,,,mesenchyme homeo box 1,HOXL subclass homeoboxes,518,1994-12-14,,2005-12-22,2016-11-09,4222,ENSG00000005102,OTTHUMG00000170513,uc002idz.4,,NM_001040002,CCDS11466|CCDS11467|CCDS42343,P50221,7987315,MGI:103220,RGD:1308911,,MEOX1,600147,,8464,,,322841,,,,,,,,,,,,
HGNC:7014,MEOX2,mesenchyme homeobox 2,protein-coding gene,gene with protein product,Approved,7p21.2,07p21.2,MOX2,growth arrest-specific homeobox,GAX,mesenchyme homeo box 2 (growth arrest-specific homeo box)|mesenchyme homeobox 2 (growth arrest-specific homeo box),HOXL subclass homeoboxes,518,1994-12-14,,2005-12-22,2016-10-05,4223,ENSG00000106511,OTTHUMG00000152390,uc003stc.4,,NM_005924,CCDS34605,P50222,7713505,MGI:103219,RGD:3079,,MEOX2,600535,,8465,,,,,,,,,,,,,,,
HGNC:50672,MEOX2-AS1,MEOX2 antisense RNA 1 (head to head),non-coding RNA,"RNA, long non-coding",Approved,7p21.2,07p21.2,,,,,,,2014-06-05,,,2014-06-05,101927524,ENSG00000229108,OTTHUMG00000152388,,,NR_110094,,,,,,,,,,,,,,,,,,,,,,,,,URS000075E15D
HGNC:7015,MEP1A,meprin A subunit alpha,protein-coding gene,gene with protein product,Approved,6p12.3,06p12.3,PPHA,PABA peptide hydrolase,,"meprin A, alpha (PABA peptide hydrolase)",Astacins,894,1994-07-19,,2015-11-23,2016-10-05,4224,ENSG00000112818,OTTHUMG00000014790,uc010jzh.2,,NM_005588,CCDS4918,Q16819,7774936,MGI:96963,RGD:3080,,MEP1A,600388,,,,,,,,M12.002,,,,,,,3.4.24.18,,
HGNC:7018,MEP1AL3,entry withdrawn,withdrawn,withdrawn,Entry Withdrawn,,,,,,,,,,,,2014-11-19,,,,,,,,,,,,,,,,,,,,,,,,,,,,,,,
HGNC:7019,MEP1AL4,entry withdrawn,withdrawn,withdrawn,Entry Withdrawn,,,,,,,,,,,,2010-10-18,,,,,,,,,,,,,,,,,,,,,,,,,,,,,,,
HGNC:7016,MEP1AP1,meprin A subunit alpha pseudogene 1,pseudogene,pseudogene,Approved,9p11.2,09p11.2,,,MEP1AL1,"meprin A, alpha-like 1|meprin A, alpha-like 1 (pseudogene)|meprin A, alpha pseudogene 1",,,1999-07-27,2010-10-20,2015-11-23,2016-11-09,642840,ENSG00000283246,OTTHUMG00000191826,,,NG_006472,,,10405340,,,,,,,,,,,PGOHUM00000303811,,,,,,,,,,,
HGNC:7017,MEP1AP2,meprin A subunit alpha pseudogene 2,pseudogene,pseudogene,Approved,9q21.11 not on reference assembly,09q21.11 not on reference assembly,,,MEP1AL2,"meprin A, alpha-like 2|meprin A, alpha-like 2 (pseudogene)|meprin A, alpha pseudogene 2",,,1999-07-27,2010-10-20,2015-11-23,2015-11-23,644777,,,,,NG_006473,,,10405340,,,,,,,,,,,,,,,,,,,,,,
HGNC:39137,MEP1AP3,meprin A subunit alpha pseudogene 3,pseudogene,pseudogene,Approved,9q21.11,09q21.11,,,,"meprin A, alpha pseudogene 3",,,2010-10-20,,2015-11-23,2016-11-11,389747,,,,,NG_006474,,,,,,,,,,,,,,PGOHUM00000304297,,,,,,,,,,,
HGNC:39138,MEP1AP4,meprin A subunit alpha pseudogene 4,pseudogene,pseudogene,Approved,9p11.1,09p11.1,,,,"meprin A, alpha pseudogene 4",,,2010-10-20,,2015-11-23,2016-10-05,643157,ENSG00000224537,OTTHUMG00000013568,,,NG_006471,,,,,,,,,,,,,,PGOHUM00000236527,,,,,,,,,,,
HGNC:7020,MEP1B,meprin A subunit beta,protein-coding gene,gene with protein product,Approved,18q12.2-q12.3,18q12.2-q12.3,,,,"meprin A, beta",Astacins,894,1994-07-19,,2015-11-23,2015-11-23,4225,ENSG00000141434,OTTHUMG00000179708,uc002kxj.5,X81333,NM_005925,CCDS45846|CCDS77173,Q16820,7774936,MGI:96964,RGD:3081,,MEP1B,600389,,,,,,,,M12.004,,,,,,,3.4.24.18,,
HGNC:20247,MEPCE,methylphosphate capping enzyme,protein-coding gene,gene with protein product,Approved,7q22.1,07q22.1,FLJ20257|MePCE,,BCDIN3,"bin3, bicoid-interacting 3, homolog (Drosophila)",Seven-beta-strand methyltransferase motif containing,1400,2005-08-11,2007-07-26,2007-07-26,2014-11-19,56257,ENSG00000146834,OTTHUMG00000155255,uc003uuw.3,AF264752,NM_001194990,CCDS5693|CCDS55136,Q7L2J0,12358911|17643375,MGI:106477,RGD:1560550,,MEPCE,611478,,,,,,,,,,,,,,,,,
HGNC:13361,MEPE,matrix extracellular phosphoglycoprotein,protein-coding gene,gene with protein product,Approved,4q22.1,04q22.1,,,,"matrix, extracellular phosphoglycoprotein with ASARM motif (bone)",SIBLING family,1279,2000-09-19,,2008-08-29,2016-10-05,56955,ENSG00000152595,OTTHUMG00000130592,uc021xpu.2,AJ276396,NM_001184694,CCDS3625|CCDS54776|CCDS77940,Q9NQ76,10945470,MGI:2137384,RGD:71036,,MEPE,605912,,,,,,,,,,,,,,,,,
HGNC:7021,MER1,entry withdrawn,withdrawn,withdrawn,Entry Withdrawn,,,,,,,,,,,,2012-10-02,,,,,,,,,,,,,,,,,,,,,,,,,,,,,,,
HGNC:7022,MER2,entry withdrawn,withdrawn,withdrawn,Entry Withdrawn,,,,,,,,,,,,2012-10-02,,,,,,,,,,,,,,,,,,,,,,,,,,,,,,,
HGNC:7023,MER5,antigen identified by monoclonal antibody 2D8,other,unknown,Approved,19q13.3,19q13.3,,,,,,,2001-06-22,,,2013-03-26,4228,,,,,,,,,,,,,,,,,,,,,,,,,,,,,,
HGNC:7025,MERR,entry withdrawn,withdrawn,withdrawn,Entry Withdrawn,,,,,,,,,,,,2005-09-06,,,,,,,,,,,,,,,,,,,,,,,,,,,,,,,
HGNC:7027,MERTK,"MER proto-oncogene, tyrosine kinase",protein-coding gene,gene with protein product,Approved,2q13,02q13,mer|RP38|c-Eyk|Tyro12,,,c-mer proto-oncogene tyrosine kinase,Receptor Tyrosine Kinases|Fibronectin type III domain containing|I-set domain containing|Immunoglobulin like domain containing,321|555|593|594,1998-11-30,,2014-06-26,2016-10-05,10461,ENSG00000153208,OTTHUMG00000131278,uc002thk.2,U08023,NM_006343,CCDS2094,Q12866,8086340|10343112,MGI:96965,RGD:69283,Mutations of the MER Receptor Tyrosine Kinase Gene|http://www.retina-international.org/files/sci-news/mertkmut.htm,MERTK,604705,,,,,123198,,,,,objectId:1837,,,,,,,
HGNC:13520,MESD,mesoderm development LRP chaperone,protein-coding gene,gene with protein product,Approved,15q13,15q13,KIAA0081|BOCA,,MESDC2,mesoderm development candidate 2,,,2000-09-25,2017-05-16,2017-05-16,2017-05-16,23184,ENSG00000117899,OTTHUMG00000172288,uc059mkq.1,D42039,NM_015154,CCDS32308,Q14696,7788527|11247670|15014448|12581525|24124512,MGI:1891421,RGD:1310344,,,607783,,,,,,,,,,,,,,,,,
HGNC:29658,MESP1,mesoderm posterior bHLH transcription factor 1,protein-coding gene,gene with protein product,Approved,15q26.1,15q26.1,MGC10676|bHLHc5,,,mesoderm posterior 1 homolog (mouse)|mesoderm posterior basic helix-loop-helix transcription factor 1,Basic helix-loop-helix proteins,420,2005-10-21,,2015-06-16,2015-06-16,55897,ENSG00000166823,OTTHUMG00000149810,uc002bol.4,,NM_018670,CCDS10355,Q9BRJ9,8787751|11578861,MGI:107785,RGD:1311751,,MESP1,608689,,,,,470654,,,,,,,,,,,,
HGNC:29659,MESP2,mesoderm posterior bHLH transcription factor 2,protein-coding gene,gene with protein product,Approved,15q26.1,15q26.1,SCDO2|bHLHc6,,,mesoderm posterior 2 homolog (mouse)|mesoderm posterior basic helix-loop-helix transcription factor 2,Basic helix-loop-helix proteins,420,2005-10-21,,2015-06-16,2015-06-16,145873,ENSG00000188095,OTTHUMG00000172016,uc002bon.4,,XM_085261,CCDS42078,Q0VG99,11578861,MGI:1096325,RGD:1305959,,MESP2,605195,,,,,139173,,,,,,,,,,,,
HGNC:7028,MEST,mesoderm specific transcript,protein-coding gene,gene with protein product,Approved,7q32.2,07q32.2,PEG1,Paternally-expressed gene 1,,mesoderm specific transcript (mouse) homolog|mesoderm specific transcript homolog (mouse),,,1996-04-17,,2012-12-07,2017-03-24,4232,ENSG00000106484,OTTHUMG00000156661,uc003vqc.4,,NM_002402,CCDS5822|CCDS5823|CCDS59081,Q5EB52,8884280,MGI:96968,RGD:1594589,LRG_1033|http://www.lrg-sequence.org/LRG/LRG_1033,MEST,601029,,,,,,,,S33.972,,,,,,,,,
HGNC:17991,MESTIT1,"MEST intronic transcript 1, antisense RNA",non-coding RNA,"RNA, long non-coding",Approved,7q32.2,07q32.2,NCRNA00040|MEST-AS1,non-protein coding RNA 40|MEST antisense RNA 1 (non-protein coding),MEST-IT1,"MEST intronic transcript 1, antisense RNA (non-protein coding)",,,2003-01-21,2011-07-07,2012-08-15,2017-03-24,317751,,OTTHUMG00000186331,uc003vqe.4,AF482998,NR_004382,,,12095916,,,LRG_1056|http://www.lrg-sequence.org/LRG/LRG_1056,,607794,,,,,,,,,,,,,,,,,URS00003B5D52
HGNC:29660,MESTP1,mesoderm specific transcript pseudogene 1,pseudogene,pseudogene,Approved,6q22.33,06q22.33,,,,mesoderm specific transcript homolog (mouse) pseudogene 1,,,2005-10-21,,2012-12-07,2016-10-05,338470,ENSG00000220884,OTTHUMG00000015543,,AL445439,NG_002694,,,,,,,,,,,,,,PGOHUM00000243359,,,,,,,,,,,
HGNC:18208,MESTP2,mesoderm specific transcript pseudogene 2,pseudogene,pseudogene,Approved,15q22.2,15q22.2,,,,mesoderm specific transcript homolog (mouse) pseudogene 2,,,2010-06-17,,2012-12-07,2014-11-19,100421572,ENSG00000259558,OTTHUMG00000172012,,,NG_025325,,,,,,,,,,,,,,PGOHUM00000246809,,,,,,,,,,,
HGNC:38553,MESTP3,mesoderm specific transcript pseudogene 3,pseudogene,pseudogene,Approved,4p15.1,04p15.1,,,,mesoderm specific transcript homolog (mouse) pseudogene 3,,,2010-06-17,,2012-12-07,2014-11-18,645641,ENSG00000250927,OTTHUMG00000160398,,,NG_022008,,,,,,,,,,,,,,PGOHUM00000245487,,,,,,,,,,,
HGNC:38554,MESTP4,mesoderm specific transcript pseudogene 4,pseudogene,pseudogene,Approved,3p24.1,03p24.1,,,,mesoderm specific transcript homolog (mouse) pseudogene 4,,,2010-06-17,,2012-12-07,2014-11-18,131572,ENSG00000215004,OTTHUMG00000155719,,,NG_028940,,,,,,,,,,,,,,PGOHUM00000237974,,,,,,,,,,,
HGNC:7029,MET,"MET proto-oncogene, receptor tyrosine kinase",protein-coding gene,gene with protein product,Approved,7q31,07q31,HGFR|RCCP2|DFNB97,hepatocyte growth factor receptor,,met proto-oncogene,Receptor Tyrosine Kinases|Deafness associated genes,321|1152,1986-01-01,,2014-06-26,2017-03-24,4233,ENSG00000105976,OTTHUMG00000023299,uc003vij.4,M35073,NM_000245,CCDS43636|CCDS47689,P08581,1846706|1611909|25941349,MGI:96969,RGD:3082,LRG_662|http://www.lrg-sequence.org/LRG/LRG_662,MET,164860,,,,,123201,,,,,objectId:1815,,,,,2.7.10.1,,
HGNC:15789,METAP1,methionyl aminopeptidase 1,protein-coding gene,gene with protein product,Approved,4q23,04q23,KIAA0094|MetAP1A|MAP1A,Peptidase M,,,Aminopeptidases,104,2001-09-26,,,2014-11-19,23173,ENSG00000164024,OTTHUMG00000161231,uc003huf.5,D42084,NM_015143,CCDS47110,P53582,7788527|12144506,MGI:1922874,RGD:1305545,,METAP1,610151,,,,,,,,M24.017,,objectId:1572,,,,,3.4.11.18,,
HGNC:32583,METAP1D,"methionyl aminopeptidase type 1D, mitochondrial",protein-coding gene,gene with protein product,Approved,2q31.1,02q31.1,MAP1D|Metap1l,methionine aminopeptidase 1D,,,Aminopeptidases,104,2010-09-21,,2016-08-11,2016-08-11,254042,ENSG00000172878,OTTHUMG00000132283,uc002uhk.4,AY374142|BC029123,NM_199227,CCDS2246,Q6UB28,14532271|16568094,MGI:1913809,RGD:1307413,,METAP1D,610267,,,,,,,,,,objectId:1574,,,,,,,
HGNC:16672,METAP2,methionyl aminopeptidase 2,protein-coding gene,gene with protein product,Approved,12q22,12q22,MNPEP|p67|MAP2,Peptidase M,,,Aminopeptidases,104,2001-09-26,,,2014-11-19,10988,ENSG00000111142,OTTHUMG00000170280,uc001tec.4,U13261,NM_006838,CCDS9052|CCDS81723|CCDS81724|CCDS81725,P50579,7644482|8858118,MGI:1929701,RGD:70995,,METAP2,601870,,,,,,,,M24.002,,objectId:1573,,,,,3.4.11.18,,
HGNC:14151,METRN,"meteorin, glial cell differentiation regulator",protein-coding gene,gene with protein product,Approved,16p13.3,16p13.3,MGC2601,,C16orf23,chromosome 16 open reading frame 23,,,2000-12-21,2004-12-01,2004-11-26,2014-11-19,79006,ENSG00000103260,OTTHUMG00000047851,uc010bra.4,BC000662,NM_024042,CCDS10422,Q9UJH8,15085178,MGI:1917333,RGD:1306222,,METRN,610998,,,,,,,,,,,,,,,,,
HGNC:27584,METRNL,"meteorin like, glial cell differentiation regulator",protein-coding gene,gene with protein product,Approved,17q25.3,17q25.3,,,,,,,2004-12-01,,2016-06-13,2016-06-13,284207,ENSG00000176845,OTTHUMG00000177771,uc002kgh.4,AK093748,NM_001004431,CCDS32779,Q641Q3,,MGI:2384806,RGD:1359271,,METRNL,616241,,,,,,,,,,,,,,,,,
HGNC:7030,METTL1,methyltransferase like 1,protein-coding gene,gene with protein product,Approved,12q14.1,12q14.1,TRM8|TRMT8,,C12orf1,methyltransferase-like 1,Methyltransferase like,963,1998-06-10,,2005-03-01,2016-10-05,4234,ENSG00000037897,OTTHUMG00000150143,uc010ssd.3,BC000550|BQ651940|Y18643,NM_005371,CCDS8955|CCDS8956,Q9UBP6,10329009|15861136,MGI:1339986,RGD:1593036,,METTL1,604466,,,,,,,,,,,,,,,2.1.1.33,,
HGNC:25755,METTL2A,methyltransferase like 2A,protein-coding gene,gene with protein product,Approved,17q23.2,17q23.2,FLJ12760|METTL2,,,,Methyltransferase like,963,2006-02-09,2006-02-10,,2016-10-05,339175,ENSG00000087995,OTTHUMG00000164527,uc002izv.3,AK000991,NM_181725,CCDS45752,Q96IZ6,12477932,MGI:1289171,RGD:1310240,,METTL2A,,,,,,,,,,,,,,,,,,
HGNC:18272,METTL2B,methyltransferase like 2B,protein-coding gene,gene with protein product,Approved,7q32.1,07q32.1,METL|FLJ11350,,METTL2,methyltransferase like 2,Methyltransferase like,963,2003-01-29,2006-02-09,2006-02-09,2016-10-05,55798,ENSG00000165055,OTTHUMG00000143738,uc003vnf.3,AK002212,NM_018396,CCDS5803,Q6P1Q9,11738826,,,,METTL2B,607846,,,,,,,,,,,,,,,,,
HGNC:17563,METTL3,methyltransferase like 3,protein-coding gene,gene with protein product,Approved,14q11.2,14q11.2,Spo8|M6A|MT-A70,N6-adenosine-methyltransferase 70 kDa subunit|mRNA (2'-O-methyladenosine-N(6)-)-methyltransferase,,,Methyltransferase like| m6A methyltransferase complex,963|1419,2003-01-14,,,2016-10-05,56339,ENSG00000165819,OTTHUMG00000168825,uc001wbc.4,AF014837,NM_019852,CCDS32044,Q86U44,24316715,MGI:1927165,RGD:1311750,,METTL3,612472,,,,,,,,,,,,,,,2.1.1.62,,
HGNC:24726,METTL4,methyltransferase like 4,protein-coding gene,gene with protein product,Approved,18p11.32,18p11.32,FLJ23017|HsT661,,,,Methyltransferase like,963,2004-01-08,,,2016-10-05,64863,ENSG00000101574,OTTHUMG00000131482,uc002klh.5,,NM_022840,CCDS11826|CCDS77144,Q8N3J2,12477932,MGI:1924031,RGD:1306451,,METTL4,,,,,,,,,,,,,,,,,,
HGNC:25006,METTL5,methyltransferase like 5,protein-coding gene,gene with protein product,Approved,2q31.1,02q31.1,HSPC133,,,,Methyltransferase like,963,2005-04-14,,,2014-11-18,29081,ENSG00000138382,OTTHUMG00000154117,uc002ufp.4,AF201938,NM_014168,CCDS33320,Q9NRN9,11042152,MGI:1922672,RGD:1566062,,METTL5,,,,,,,,,,,,,,,,,,
HGNC:28343,METTL6,methyltransferase like 6,protein-coding gene,gene with protein product,Approved,3p25.1,03p25.1,MGC24132,,,,Methyltransferase like,963,2005-11-02,,,2016-10-17,131965,ENSG00000206562,OTTHUMG00000156431,uc062hcc.1,AK057791,NM_152396,CCDS43056|CCDS77706,Q8TCB7,26888608,MGI:1914261,RGD:1359565,,METTL6,,,,,,,,,,,,,,,,,,
HGNC:24550,METTL7A,methyltransferase like 7A,protein-coding gene,gene with protein product,Approved,12q13.12,12q13.12,DKFZP586A0522,,,,Methyltransferase like,963,2006-02-09,,,2016-07-06,25840,ENSG00000185432,OTTHUMG00000169484,uc058nys.1,,NM_014033,CCDS8804,Q9H8H3,12975309,MGI:1916523|MGI:3026615|MGI:3710670,RGD:1308407,,METTL7A,,,,,,,,,,,,,,,,2.1.1.-,,
HGNC:48874,METTL7AP1,methyltransferase like 7A pseudogene 1,pseudogene,pseudogene,Approved,12q13.13,12q13.13,,,,,,,2013-06-20,,,2013-06-20,100996686,ENSG00000257649,OTTHUMG00000169628,,,,,,,,,,,,,,,,,PGOHUM00000261131,,,,,,,,,,,
HGNC:28276,METTL7B,methyltransferase like 7B,protein-coding gene,gene with protein product,Approved,12q13.2,12q13.2,MGC17301|ALDI,associated with lipid droplets 1,,,Methyltransferase like,963,2006-02-09,,,2014-11-19,196410,ENSG00000170439,OTTHUMG00000152665,uc010spr.3,,NM_152637,CCDS8887,Q6UX53,17004324,MGI:1918914,RGD:1305205,,METTL7B,,,,,,,,,,,,,,,,,,
HGNC:25856,METTL8,methyltransferase like 8,protein-coding gene,gene with protein product,Approved,2q31.1,02q31.1,FLJ13984|TIP,tension-induced/inhibited protein,,,Methyltransferase like,963,2006-05-10,,,2016-04-25,79828,ENSG00000123600,OTTHUMG00000132261,uc032ojq.2,AK024046,NM_024770,CCDS2242|CCDS82531|CCDS82532,Q9H825,15992539,MGI:2385142,RGD:1561059,,METTL8,609525,,,,,,,,,,,,,,,,,
HGNC:49856,METTL8P1,methyltransferase like 8 pseudogene 1,pseudogene,pseudogene,Approved,12p12.3,12p12.3,,,,,,,2014-03-18,,,2014-03-18,728996,ENSG00000256283,OTTHUMG00000168748,,,NG_007062,,,,,,,,,,,,,,PGOHUM00000239359,,,,,,,,,,,
HGNC:24586,METTL9,methyltransferase like 9,protein-coding gene,gene with protein product,Approved,16p12.2,16p12.2,DREV1,DORA reverse strand protein 1,,,Methyltransferase like,963,2006-07-11,,,2014-11-19,51108,ENSG00000197006,OTTHUMG00000131584,uc002dje.4,NM_016025|AF151839,NM_016025,CCDS10598|CCDS45440,Q9H1A3,10810093|11132146,MGI:1914862,RGD:2311609,,METTL9,609388,,,,,,,,,,,,,,,,,
HGNC:31932,METTL11B,methyltransferase like 11B,protein-coding gene,gene with protein product,Approved,1q24.2,01q24.2,HOMT1B,,C1orf184,chromosome 1 open reading frame 184,Methyltransferase like,963,2005-08-08,2008-06-11,2008-06-11,2016-10-17,149281,ENSG00000203740,OTTHUMG00000035959,uc009wvv.2,AL445203|CAH72139,NM_001136107,CCDS44275,Q5VVY1,24090352,MGI:2685053,RGD:1564106,,METTL11B,,,,,,,,,,,,,,,,,,
HGNC:33113,METTL12,methyltransferase like 12,protein-coding gene,gene with protein product,Approved,11q12.3,11q12.3,U99HG,,,,Methyltransferase like,963,2009-02-23,,,2014-11-18,751071,ENSG00000214756,OTTHUMG00000167545,uc001nug.2,BC041359,NM_001043229,CCDS41657,A8MUP2,,,,,METTL12,,,,,,,,,,,,,,,,,,
HGNC:24248,METTL13,methyltransferase like 13,protein-coding gene,gene with protein product,Approved,1q24.3,01q24.3,CGI-01,,KIAA0859,KIAA0859,Methyltransferase like,963,2004-11-10,2009-02-23,2009-02-23,2016-10-05,51603,ENSG00000010165,OTTHUMG00000034912,uc001ghz.4,AF132936,NM_014955,CCDS1299|CCDS1300|CCDS30936,Q8N6R0,10810093|10048485,MGI:1918699,RGD:1311526,,METTL13,,,,,,,,,,,,,,,,,,
HGNC:29330,METTL14,methyltransferase like 14,protein-coding gene,gene with protein product,Approved,4q26,04q26,KIAA1627,,,,Methyltransferase like| m6A methyltransferase complex,963|1419,2009-02-24,,,2014-11-19,57721,ENSG00000145388,OTTHUMG00000161167,uc003icf.4,AB046847,NM_020961,CCDS34053,Q9HCE5,10997877|24316715,MGI:2442926,RGD:1304822,,METTL14,616504,,,,,,,,,,,,,,,2.1.1.62,,
HGNC:26606,METTL15,methyltransferase like 15,protein-coding gene,gene with protein product,Approved,11p14.1,11p14.1,FLJ33979,,METT5D1,methyltransferase 5 domain containing 1,Methyltransferase like,963,2005-03-01,2011-03-02,2011-03-02,2014-11-19,196074,ENSG00000169519,OTTHUMG00000150448,uc001msh.3,AL832668,NM_152636,CCDS31450|CCDS44559|CCDS73269,A6NJ78,12477932,MGI:1924144,RGD:1304978,,METTL15,,,,,,,,,,,,,,,,,,
HGNC:31926,METTL15P1,methyltransferase like 15 pseudogene 1,pseudogene,pseudogene,Approved,3q25.31,03q25.31,,,METT5D2,methyltransferase 5 domain containing 2,,,2005-03-01,2011-03-02,2011-03-02,2011-03-02,100130758,ENSG00000174912,OTTHUMG00000158645,,,NG_011761,,P0C7V9,,,,,,,,,,,,PGOHUM00000250267,,,,,,,,,,,
HGNC:39559,METTL15P2,methyltransferase like 15 pseudogene 2,pseudogene,pseudogene,Approved,12q14.1,12q14.1,,,,,,,2011-03-02,,,2011-03-02,644915,,,,,NG_021691,,,,,,,,,,,,,,PGOHUM00000239484,,,,,,,,,,,
HGNC:39558,METTL15P3,methyltransferase like 15 pseudogene 3,pseudogene,pseudogene,Approved,Xp22.11,Xp22.11,,,,,,,2011-03-02,,,2011-03-02,729650,ENSG00000224396,OTTHUMG00000021243,,,NG_022648,,,,,,,,,,,,,,PGOHUM00000241663,,,,,,,,,,,
HGNC:28484,METTL16,methyltransferase like 16,protein-coding gene,gene with protein product,Approved,17p13.3,17p13.3,MGC3329,,METT10D,methyltransferase 10 domain containing,Methyltransferase like,963,2005-12-19,2011-03-02,2011-03-02,2014-11-19,79066,ENSG00000127804,OTTHUMG00000177564,uc002fut.4,AK027410,NM_024086,CCDS42232,Q86W50,18021804,MGI:1914743,RGD:1593242,,METTL16,,,,,,,,,,,,,,,,,,
HGNC:19280,METTL17,methyltransferase like 17,protein-coding gene,gene with protein product,Approved,14q11.2,14q11.2,FLJ20859,,METT11D1,methyltransferase 11 domain containing 1,Methyltransferase like,963,2006-05-19,2011-03-02,2011-03-02,2016-10-17,64745,ENSG00000165792,OTTHUMG00000029610,uc001vyn.4,AK024512,NM_022734,CCDS9562|CCDS41913,Q9H7H0,11278769|26488768,MGI:1098577,RGD:1559895,,METTL17,616091,,,,,,,,,,,,,,,,,
HGNC:28793,METTL18,methyltransferase like 18,protein-coding gene,gene with protein product,Approved,1q24.2,01q24.2,MGC9084|AsTP2|HPM1,histidine protein methyltransferase 1,C1orf156,chromosome 1 open reading frame 156,Methyltransferase like,963,2005-07-14,2011-03-02,2011-03-02,2014-11-18,92342,ENSG00000171806,OTTHUMG00000035813,uc001ggn.6,AL035369,NM_033418,CCDS1284,O95568,20864530,MGI:1917212,RGD:1306783,,METTL18,615255,,,,,,,,,,,,,,,,,
HGNC:30476,METTL21A,methyltransferase like 21A,protein-coding gene,gene with protein product,Approved,2q33.3,02q33.3,LOC151194|HCA557b|HSPA-KMT,Hepatocellular carcinoma-associated antigen 557b|heat shock protein 70kDa lysine (K) methyltransferase,FAM119A,"family with sequence similarity 119, member A",Methyltransferase like,963,2006-05-15,2011-03-03,2011-03-03,2015-11-09,151194,ENSG00000144401,OTTHUMG00000132934,uc010fuk.1,AK093812|AF455817,NM_145280,CCDS2376|CCDS77514|CCDS82562|CCDS82563,Q8WXB1,23921388,MGI:1914349,RGD:7651604,,METTL21A,615257,,,,,,,,,,,,,,,,,
HGNC:41921,METTL21AP1,methyltransferase like 21A pseudogene 1,pseudogene,pseudogene,Approved,21q22.2,21q22.2,,,,,,,2011-05-18,,,2011-05-18,100421629,ENSG00000229623,OTTHUMG00000066177,,,NG_025044,,,,,,,,,,,,,,PGOHUM00000239085,,,,,,,,,,,
HGNC:33717,METTL21C,methyltransferase like 21C,protein-coding gene,gene with protein product,Approved,13q33.1,13q33.1,LOC196541,,C13orf39,chromosome 13 open reading frame 39,Methyltransferase like,963,2008-07-11,2011-03-03,2011-03-03,2011-03-03,196541,ENSG00000139780,OTTHUMG00000017304,uc001vpj.5,,NM_001010977,CCDS32003,Q5VZV1,,MGI:3611450,RGD:1561425,,METTL21C,615259,,,,,,,,,,,,,,,,,
HGNC:41948,METTL21EP,"methyltransferase like 21E, pseudogene",pseudogene,pseudogene,Approved,13q33.1,13q33.1,,,METTL21CP1,methyltransferase like 21C pseudogene 1,,,2011-08-15,2012-11-09,2012-11-09,2012-11-09,121952,ENSG00000250878,OTTHUMG00000017312,,,NR_026965,,A6NDL7,,MGI:2685837,RGD:2320407,,,,,,,,,PGOHUM00000248678,,,,,,,,,,,
HGNC:28368,METTL22,methyltransferase like 22,protein-coding gene,gene with protein product,Approved,16p13.2,16p13.2,FLJ12433|MGC2654,,C16orf68,chromosome 16 open reading frame 68,Methyltransferase like,963,2006-04-06,2011-03-03,2011-03-03,2014-11-19,79091,ENSG00000067365,OTTHUMG00000129694,uc002czb.4,AK022495,NM_024109,CCDS10533,Q9BUU2,24140279,MGI:2384301,RGD:1311433,,METTL22,615261,,,,,,,,,,,,,,,,,
HGNC:26988,METTL23,methyltransferase like 23,protein-coding gene,gene with protein product,Approved,17q25.2,17q25.2,LOC124512,,C17orf95,chromosome 17 open reading frame 95,Methyltransferase like,963,2008-07-11,2011-03-03,2011-03-03,2014-11-17,124512,ENSG00000181038,OTTHUMG00000180371,uc002jsr.4,,NM_001080510,CCDS45787|CCDS59298,Q86XA0,24501276,MGI:1921569,RGD:1306284,,METTL23,615262,,,,,405470,,,,,,,,,,,,
HGNC:21566,METTL24,methyltransferase like 24,protein-coding gene,gene with protein product,Approved,6q21,06q21,dJ71D21.2,,C6orf186,chromosome 6 open reading frame 186,,,2003-11-26,2012-02-21,2012-02-21,2014-11-18,728464,ENSG00000053328,OTTHUMG00000015359,uc010kdu.2,,NM_001123364,CCDS43489,Q5JXM2,,MGI:3045338,RGD:1564857,,,,,,,,,,,,,,,,,,,,
HGNC:26228,METTL25,methyltransferase like 25,protein-coding gene,gene with protein product,Approved,12q21.31,12q21.31,FLJ22789,,C12orf26,chromosome 12 open reading frame 26,Methyltransferase like,963,2006-01-06,2012-08-13,2012-08-13,2014-11-19,84190,ENSG00000127720,OTTHUMG00000170252,uc001szq.4,BC029120,NM_032230,CCDS9024,Q8N6Q8,,MGI:3041259,RGD:1310270,,,,,,,,,,,,,,,,,,,,
HGNC:14141,METTL26,methyltransferase like 26,protein-coding gene,gene with protein product,Approved,16p13.3,16p13.3,MGC13114,,C16orf13,chromosome 16 open reading frame 13,Methyltransferase like,963,2000-12-21,2016-06-15,2016-06-15,2016-06-15,84326,ENSG00000130731,OTTHUMG00000047855,uc002chv.3,,NM_001040160,CCDS32352|CCDS42090|CCDS42091|CCDS45367|CCDS45368|CCDS73798,Q96S19,,MGI:1915597,RGD:1307155,,,,,,,,,,,,,,,,,,,,
HGNC:19068,METTL27,methyltransferase like 27,protein-coding gene,gene with protein product,Approved,7q11.23,07q11.23,,,WBSCR27,Williams Beuren syndrome chromosome region 27,Seven-beta-strand methyltransferase motif containing,1400,2004-07-05,2017-03-20,2017-03-20,2017-03-21,155368,ENSG00000165171,OTTHUMG00000130033,uc003tzj.3,AF534110,NM_152559,CCDS5561,Q8N6F8,10329018,MGI:1933146,RGD:1588881,,,612546,,,,,,,,,,,,,,,,,
HGNC:33482,MEX3A,mex-3 RNA binding family member A,protein-coding gene,gene with protein product,Approved,1q22,01q22,,,RKHD4,ring finger and KH domain containing 4|mex-3 homolog A (C. elegans),Ring finger proteins,58,2007-06-12,2007-07-18,2013-08-21,2013-09-24,92312,ENSG00000254726,OTTHUMG00000017465,uc001fnd.4,AK024097,NM_001093725,CCDS53377,A1L020,17267406,MGI:1919890,RGD:1564904,,MEX3A,611007,,,,,,,,,,,,,,,,,
HGNC:25297,MEX3B,mex-3 RNA binding family member B,protein-coding gene,gene with protein product,Approved,15q25.2,15q25.2,DKFZp434J0617|RNF195,,RKHD3,ring finger and KH domain containing 3|mex-3 homolog B (C. elegans),Ring finger proteins,58,2004-05-24,2007-07-18,2013-08-21,2016-10-05,84206,ENSG00000183496,OTTHUMG00000147356,uc002bgq.3,AK131424,XM_290645,CCDS10319,Q6ZN04,11230166|17267406,MGI:1918252,RGD:1306790,,MEX3B,611008,,,,,,,,,,,,,,,,,
HGNC:28040,MEX3C,mex-3 RNA binding family member C,protein-coding gene,gene with protein product,Approved,18q21.2,18q21.2,FLJ38871|RNF194,,RKHD2,ring finger and KH domain containing 2|mex-3 homolog C (C. elegans),Ring finger proteins,58,2004-05-24,2007-07-18,2013-08-21,2016-10-05,51320,ENSG00000176624,OTTHUMG00000132693,uc002lfc.5,BC041122,NM_016626,CCDS11951,Q5U5Q3,17267406,MGI:2652843,RGD:1309023,,MEX3C,611005,,,,,,,,,,,,,,,,,
HGNC:16734,MEX3D,mex-3 RNA binding family member D,protein-coding gene,gene with protein product,Approved,19p13.3,19p13.3,Tino|KIAA2031|OK/SW-cl.4|RNF193,bcl-2 ARE RNA binding protein,RKHD1,ring finger and KH domain containing 1|mex-3 homolog D (C. elegans),Ring finger proteins,58,2004-03-17,2007-07-18,2013-08-21,2014-11-18,399664,ENSG00000181588,OTTHUMG00000150369,uc060rdi.1,AB107353,NM_203304,CCDS32865,Q86XN8,17267406,MGI:2681847,RGD:1310576,,MEX3D,611009,,,,,,,,,,,,,,,,,
HGNC:1367,SPACA9,sperm acrosome associated 9,protein-coding gene,gene with protein product,Approved,9q34.13,09q34.13,Mast,,C9orf9,chromosome 9 open reading frame 9,,,1999-08-23,2016-04-22,2016-04-22,2016-04-22,11092,ENSG00000165698,OTTHUMG00000020847,uc004cby.2,,NM_018956,CCDS6955|CCDS83434,Q96E40,24256100,MGI:1917237,RGD:727909,,,,,,,,,,,,,,,,,,,,
HGNC:13200,ZYX,zyxin,protein-coding gene,gene with protein product,Approved,7q34,07q34,,,,,Zyxin family,1402,1997-10-16,,,2016-10-05,7791,ENSG00000159840,OTTHUMG00000023822,uc003wcx.5,X95735,NM_003461,CCDS5883,Q15942,8917469|8940160,MGI:103072,RGD:620698,,ZYX,602002,,,,,,,,,,,,,,,,,
